stem,date,instrument,n_ann,fold
20110109104734Ch,20110109,Ch,1,1
20110114105034Ch,20110114,Ch,2,1
20110119082634Lh,20110119,Lh,1,3
20110123174914Mh,20110123,Mh,1,2
20110128174814Mh,20110128,Mh,3,4
20110203082634Lh,20110203,Lh,3,1
20110205082634Lh,20110205,Lh,2,2
20110211084114Th,20110211,Th,1,4
20110213093414Th,20110213,Th,2,1
20110215083814Th,20110215,Th,3,1
20110220082634Lh,20110220,Lh,2,3
20110221173814Mh,20110221,Mh,1,0
20110301082654Uh,20110301,Uh,3,2
20110306082634Lh,20110306,Lh,3,4
20110312082634Lh,20110312,Lh,1,3
20110313082654Uh,20110313,Uh,1,0
20110317082654Uh,20110317,Uh,1,2
20110322005814Mh,20110322,Mh,3,1
20110324082614Th,20110324,Th,2,2
20110325171014Mh,20110325,Mh,1,0
20110326170914Mh,20110326,Mh,1,1
20110327143554Bh,20110327,Bh,2,3
20110406082634Lh,20110406,Lh,1,3
20110410141654Bh,20110410,Bh,3,4
20110421164914Mh,20110421,Mh,1,2
20110425063154Uh,20110425,Uh,1,4
20110429135554Bh,20110429,Bh,3,1
20110502063154Uh,20110502,Uh,3,4
20110509121334Ch,20110509,Ch,1,3
20110510063134Lh,20110510,Lh,2,2
20110511063154Uh,20110511,Uh,1,0
20110517164514Mh,20110517,Mh,3,1
20110520063154Uh,20110520,Uh,1,0
20110521063134Lh,20110521,Lh,1,3
20110523063154Uh,20110523,Uh,1,2
20110525063154Uh,20110525,Uh,1,4
20110526122534Ch,20110526,Ch,1,3
20110530122834Ch,20110530,Ch,1,4
20110601063134Lh,20110601,Lh,1,0
20110603163414Mh,20110603,Mh,1,2
20110615133454Bh,20110615,Bh,1,2
20110616133454Bh,20110616,Bh,2,1
20110617063134Lh,20110617,Lh,1,0
20110619063134Lh,20110619,Lh,1,1
20110621063134Lh,20110621,Lh,1,4
20110623063134Lh,20110623,Lh,1,2
20110625163814Mh,20110625,Mh,1,3
20110707074514Th,20110707,Th,2,4
20110711071214Th,20110711,Th,2,2
20110724164614Mh,20110724,Mh,1,0
20110727063234Lh,20110727,Lh,3,1
20110728084714Th,20110728,Th,1,3
20110803164914Mh,20110803,Mh,3,0
20110810063134Lh,20110810,Lh,1,3
20110815140454Bh,20110815,Bh,2,4
20110823120334Ch,20110823,Ch,3,4
20110824141054Bh,20110824,Bh,1,0
20110826074214Th,20110826,Th,3,4
20110902073614Th,20110902,Th,1,1
20110914063134Lh,20110914,Lh,3,0
20110918112834Ch,20110918,Ch,2,2
20110923112234Ch,20110923,Ch,1,0
20110923165814Mh,20110923,Mh,3,0
20111009110234Ch,20111009,Ch,3,1
20111011112054Uh,20111011,Uh,1,3
20111018063134Lh,20111018,Lh,2,1
20111019063154Uh,20111019,Uh,1,2
20111025080614Th,20111025,Th,1,0
20111027145954Bh,20111027,Bh,3,3
20111029063154Uh,20111029,Uh,2,1
20111107063154Uh,20111107,Uh,1,4
20111112193254Bh,20111112,Bh,2,3
20111114082314Th,20111114,Th,3,2
20111115063134Lh,20111115,Lh,1,2
20111116063134Lh,20111116,Lh,3,3
20111201063154Uh,20111201,Uh,1,4
20111206102934Ch,20111206,Ch,1,0
20111208063134Lh,20111208,Lh,1,4
20111214063134Lh,20111214,Lh,1,1
20111214132434Ch,20111214,Ch,2,1
20111215063134Lh,20111215,Lh,3,0
20111218085014Th,20111218,Th,3,3
20111222063154Uh,20111222,Uh,3,2
20111223085314Th,20111223,Th,1,4
20111226155454Bh,20111226,Bh,1,3
20111229063154Uh,20111229,Uh,3,1
20120103104134Ch,20120103,Ch,1,3
20120104063134Lh,20120104,Lh,2,4
20120110155754Bh,20120110,Bh,3,2
20120113104834Ch,20120113,Ch,2,0
20120114063154Uh,20120114,Uh,1,4
20120116063254Uh,20120116,Uh,1,1
20120127085214Th,20120127,Th,1,2
20120131063154Uh,20120131,Uh,3,3
20120205172414Mh,20120205,Mh,3,0
20120206063134Lh,20120206,Lh,2,2
20120213063134Lh,20120213,Lh,1,3
20120215153654Bh,20120215,Bh,2,4
20120217063154Uh,20120217,Uh,1,1
20120217181154Bh,20120217,Bh,2,1
20120218173614Mh,20120218,Mh,1,0
20120223063154Uh,20120223,Uh,2,2
20120223152054Bh,20120223,Bh,1,2
20120225172914Mh,20120225,Mh,2,1
20120227161654Bh,20120227,Bh,1,3
20120306063154Uh,20120306,Uh,1,4
20120313063154Uh,20120313,Uh,1,0
20120318063154Uh,20120318,Uh,2,2
20120323144054Bh,20120323,Bh,1,1
20120328164614Mh,20120328,Mh,1,1
20120330063134Lh,20120330,Lh,2,4
20120330063154Uh,20120330,Uh,1,4
20120331142954Bh,20120331,Bh,2,3
20120403083114Th,20120403,Th,1,0
20120403164114Mh,20120403,Mh,2,0
20120404063154Uh,20120404,Uh,3,0
20120414115434Ch,20120414,Ch,1,1
20120414175914Mh,20120414,Mh,1,1
20120421063154Uh,20120421,Uh,1,2
20120424072414Th,20120424,Th,3,1
20120424120134Ch,20120424,Ch,1,1
20120427063154Uh,20120427,Uh,2,2
20120427162614Mh,20120427,Mh,1,2
20120430063154Uh,20120430,Uh,1,2
20120509163414Mh,20120509,Mh,1,3
20120519070814Th,20120519,Th,3,4
20120523163014Mh,20120523,Mh,1,3
20120603123034Ch,20120603,Ch,3,1
20120610175114Mh,20120610,Mh,3,0
20120627162114Mh,20120627,Mh,1,2
20120703070814Th,20120703,Th,3,4
20120712123634Ch,20120712,Ch,1,4
20120715123434Ch,20120715,Ch,3,3
20120720085114Th,20120720,Th,3,3
20120723095014Th,20120723,Th,3,0
20120725122934Ch,20120725,Ch,1,3
20120726071914Th,20120726,Th,1,1
20120729122634Ch,20120729,Ch,3,4
20120730135454Bh,20120730,Bh,1,1
20120802090314Th,20120802,Th,3,0
20120803102114Th,20120803,Th,2,2
20120803164614Mh,20120803,Mh,1,2
20120810121634Ch,20120810,Ch,2,1
20120811121434Ch,20120811,Ch,3,4
20120813164714Mh,20120813,Mh,1,3
20120814140454Bh,20120814,Bh,1,0
20120814163114Mh,20120814,Mh,2,0
20120816072814Th,20120816,Th,3,1
20120827085114Th,20120827,Th,1,1
20120829063134Lh,20120829,Lh,1,2
20120901114934Ch,20120901,Ch,1,0
20120907141954Bh,20120907,Bh,1,3
20120910074014Th,20120910,Th,3,0
20120913165314Mh,20120913,Mh,3,4
20120914063134Lh,20120914,Lh,2,1
20120917142654Bh,20120917,Bh,3,2
20120928063134Lh,20120928,Lh,1,3
20121006063534Lh,20121006,Lh,2,4
20121007131134Ch,20121007,Ch,2,0
20121009165914Mh,20121009,Mh,2,4
20121018063134Lh,20121018,Lh,1,4
20121021145454Bh,20121021,Bh,1,1
20121022145554Bh,20121022,Bh,1,2
20121024164714Mh,20121024,Mh,1,0
20121026063134Lh,20121026,Lh,1,2
20121027063134Lh,20121027,Lh,2,3
20121027165114Mh,20121027,Mh,3,3
20121030150354Bh,20121030,Bh,1,1
20121108155954Bh,20121108,Bh,1,2
20121109103634Ch,20121109,Ch,3,3
20121113103634Ch,20121113,Ch,3,0
20121114172254Bh,20121114,Bh,2,3
20121118092514Th,20121118,Th,1,1
20121129063154Uh,20121129,Uh,3,2
20121207103034Ch,20121207,Ch,1,3
20121208171514Mh,20121208,Mh,1,4
20121218063534Lh,20121218,Lh,3,4
20121219063154Uh,20121219,Uh,1,0
20130107174854Bh,20130107,Bh,3,3
20130109130334Ch,20130109,Ch,1,1
20130110104734Ch,20130110,Ch,2,2
20130111104734Ch,20130111,Ch,1,4
20130116172814Mh,20130116,Mh,1,0
20130201084914Th,20130201,Th,1,1
20130208063154Uh,20130208,Uh,1,3
20130211063134Lh,20130211,Lh,1,4
20130212153254Bh,20130212,Bh,1,2
20130214111534Ch,20130214,Ch,1,0
20130218220314Mh,20130218,Mh,3,4
20130219063134Lh,20130219,Lh,2,2
20130221063134Lh,20130221,Lh,3,0
20130222082914Th,20130222,Th,1,2
20130225171214Mh,20130225,Mh,1,1
20130303063134Lh,20130303,Lh,1,0
20130303063154Uh,20130303,Uh,3,0
20130304170614Mh,20130304,Mh,1,1
20130305112734Ch,20130305,Ch,3,2
20130306172214Mh,20130306,Mh,1,2
20130314165714Mh,20130314,Mh,2,3
20130319144654Bh,20130319,Bh,3,2
20130324015554Uh,20130324,Uh,1,4
20130326063134Lh,20130326,Lh,1,1
20130327175114Mh,20130327,Mh,1,4
20130404063134Lh,20130404,Lh,1,3
20130405114734Ch,20130405,Ch,1,3
20130407063154Uh,20130407,Uh,2,0
20130411115134Ch,20130411,Ch,1,1
20130419070254Uh,20130419,Uh,1,3
20130423072414Th,20130423,Th,1,2
20130425135954Bh,20130425,Bh,2,0
20130429063154Uh,20130429,Uh,2,4
20130502063134Lh,20130502,Lh,1,4
20130510134654Bh,20130510,Bh,1,0
20130517063134Lh,20130517,Lh,3,0
20130601063154Uh,20130601,Uh,1,1
20130609123334Ch,20130609,Ch,1,2
20130609173414Mh,20130609,Mh,1,2
20130611063154Uh,20130611,Uh,1,4
20130615002434Lh,20130615,Lh,1,3
20130616070414Th,20130616,Th,1,1
20130628063134Lh,20130628,Lh,1,0
20130630070714Th,20130630,Th,3,3
20130705161714Mh,20130705,Mh,1,2
20130707134154Bh,20130707,Bh,1,4
20130716162214Mh,20130716,Mh,1,1
20130717123434Ch,20130717,Ch,1,4
20130719140154Bh,20130719,Bh,3,0
20130725122934Ch,20130725,Ch,1,1
20130805135854Bh,20130805,Bh,1,2
20130807073114Th,20130807,Th,2,3
20130808140054Bh,20130808,Bh,1,2
20130809072814Th,20130809,Th,1,0
20130810121534Ch,20130810,Ch,1,2
20130811140254Bh,20130811,Bh,2,1
20130813060834Lh,20130813,Lh,3,3
20130824060834Lh,20130824,Lh,1,4
20130828141354Bh,20130828,Bh,2,0
20130901073614Th,20130901,Th,1,1
20130903060834Lh,20130903,Lh,2,4
20130903141654Bh,20130903,Bh,2,4
20130905073714Th,20130905,Th,1,2
20130913142354Bh,20130913,Bh,1,2
20130919060834Lh,20130919,Lh,1,3
20130921060834Lh,20130921,Lh,1,4
20130923060834Lh,20130923,Lh,2,0
20130925143254Bh,20130925,Bh,3,4
20130926060834Lh,20130926,Lh,1,0
20131006075314Th,20131006,Th,2,1
20131007075314Th,20131007,Th,3,0
20131011195414Mh,20131011,Mh,3,3
20131013185334Ch,20131013,Ch,1,1
20131016185334Ch,20131016,Ch,3,2
20131017185334Ch,20131017,Ch,2,3
20131019080114Th,20131019,Th,1,0
20131020080114Th,20131020,Th,1,2
20131025185414Mh,20131025,Mh,2,1
20131027025654Uh,20131027,Uh,3,3
20131028190734Ch,20131028,Ch,1,4
20131030185354Bh,20131030,Bh,1,1
20131031185614Mh,20131031,Mh,1,2
20131101222734Lh,20131101,Lh,2,0
20131107043054Uh,20131107,Uh,3,2
20131108045254Uh,20131108,Uh,1,4
20131109190514Mh,20131109,Mh,1,3
20131109222434Lh,20131109,Lh,2,3
20131113004514Mh,20131113,Mh,1,3
20131113185414Mh,20131113,Mh,1,3
20131115185414Mh,20131115,Mh,1,0
20131116185334Ch,20131116,Ch,1,1
20131125192154Bh,20131125,Bh,1,4
20131128192214Mh,20131128,Mh,2,2
20131130192134Ch,20131130,Ch,1,3
20131201192134Ch,20131201,Ch,1,4
20131204192154Bh,20131204,Bh,1,4
20131206084114Th,20131206,Th,2,0
20131207084214Th,20131207,Th,1,0
20131224192154Bh,20131224,Bh,1,1
20131225065154Uh,20131225,Uh,3,3
20131229112414Th,20131229,Th,3,2
20140111224134Lh,20140111,Lh,1,4
20140112180134Ch,20140112,Ch,2,2
20140116180214Mh,20140116,Mh,1,0
20140122180214Mh,20140122,Mh,1,1
20140127180134Ch,20140127,Ch,2,0
20140128174554Bh,20140128,Bh,1,3
20140205180154Bh,20140205,Bh,3,1
20140210180154Bh,20140210,Bh,3,1
20140212024554Uh,20140212,Uh,2,3
20140213024554Uh,20140213,Uh,1,2
20140216230134Lh,20140216,Lh,3,2
20140218230234Lh,20140218,Lh,2,4
20140225163314Th,20140225,Th,2,3
20140312025454Uh,20140312,Uh,1,0
20140312081114Th,20140312,Th,2,0
20140321195814Mh,20140321,Mh,2,2
20140323020654Uh,20140323,Uh,1,3
20140401014754Uh,20140401,Uh,2,4
20140406195854Bh,20140406,Bh,3,1
20140409081614Th,20140409,Th,1,2
20140411013854Uh,20140411,Uh,1,3
20140413195914Mh,20140413,Mh,2,4
20140414020354Uh,20140414,Uh,2,0
20140414195834Ch,20140414,Ch,3,0
20140420085614Th,20140420,Th,1,4
20140428233234Lh,20140428,Lh,1,3
20140430071914Th,20140430,Th,1,1
20140501195814Mh,20140501,Mh,1,0
20140508195834Ch,20140508,Ch,2,1
20140509071314Th,20140509,Th,3,2
20140509195814Mh,20140509,Mh,3,2
20140513012554Uh,20140513,Uh,2,0
20140522070614Th,20140522,Th,1,0
20140523195814Mh,20140523,Mh,1,4
20140525070514Th,20140525,Th,1,3
20140531195834Ch,20140531,Ch,2,1
20140601195814Mh,20140601,Mh,1,1
20140603070414Th,20140603,Th,1,2
20140604195854Bh,20140604,Bh,3,3
20140605195854Bh,20140605,Bh,2,0
20140607112354Uh,20140607,Uh,1,4
20140607195854Bh,20140607,Bh,1,4
20140609195854Bh,20140609,Bh,1,1
20140615195814Mh,20140615,Mh,1,2
20140615195854Bh,20140615,Bh,1,2
20140701195814Mh,20140701,Mh,1,3
20140705035754Uh,20140705,Uh,1,4
20140709195814Mh,20140709,Mh,1,4
20140710083214Th,20140710,Th,3,2
20140712195854Bh,20140712,Bh,1,0
20140716195854Bh,20140716,Bh,1,1
20140719071414Th,20140719,Th,1,3
20140720195834Ch,20140720,Ch,1,3
20140723071614Th,20140723,Th,1,0
20140725195814Mh,20140725,Mh,1,2
20140726071814Th,20140726,Th,1,3
20140802072114Th,20140802,Th,1,1
20140803234534Lh,20140803,Lh,1,4
20140806195834Ch,20140806,Ch,2,1
20140807195854Bh,20140807,Bh,2,2
20140813064254Uh,20140813,Uh,2,0
20140814195854Bh,20140814,Bh,1,1
20140816072814Th,20140816,Th,1,3
20140817195834Ch,20140817,Ch,1,4
20140818195814Mh,20140818,Mh,1,2
20140821195834Ch,20140821,Ch,1,1
20140903073614Th,20140903,Th,1,4
20140904195814Mh,20140904,Mh,1,4
20140908175354Bh,20140908,Bh,1,3
20140908231334Lh,20140908,Lh,1,3
20140918195854Bh,20140918,Bh,1,0
20140921195854Bh,20140921,Bh,1,2
20140922195854Bh,20140922,Bh,1,3
20140927014554Uh,20140927,Uh,1,3
20141001195834Ch,20141001,Ch,1,2
20141004075414Th,20141004,Th,2,0
20141006224634Lh,20141006,Lh,3,4
20141007224934Lh,20141007,Lh,1,1
20141009023454Uh,20141009,Uh,1,0
20141010195834Ch,20141010,Ch,1,3
20141012015654Uh,20141012,Uh,3,0
20141012195854Bh,20141012,Bh,1,0
20141013195834Ch,20141013,Ch,2,4
20141013195854Bh,20141013,Bh,1,4
20141016022554Uh,20141016,Uh,3,0
20141016195834Ch,20141016,Ch,3,0
20141022223334Lh,20141022,Lh,1,1
20141024195834Ch,20141024,Ch,1,2
20141025031154Uh,20141025,Uh,1,4
20141026024454Uh,20141026,Uh,1,0
20141027025054Uh,20141027,Uh,2,1
20141027224834Lh,20141027,Lh,2,1
20141105195814Mh,20141105,Mh,2,3
20141106195854Bh,20141106,Bh,3,1
20141112195854Bh,20141112,Bh,3,2
20141116222234Lh,20141116,Lh,1,3
20141129222134Lh,20141129,Lh,2,4
20141210201814Mh,20141210,Mh,2,0
20141214201834Ch,20141214,Ch,3,4
20141216222634Lh,20141216,Lh,3,1
20141225024354Uh,20141225,Uh,2,2
20141225172214Mh,20141225,Mh,1,2
20150112081954Uh,20150112,Uh,3,4
20150113105034Ch,20150113,Ch,3,2
20150113155654Bh,20150113,Bh,1,2
20150116082034Lh,20150116,Lh,3,3
20150119082034Lh,20150119,Lh,1,0
20150125172714Mh,20150125,Mh,3,1
20150130084914Th,20150130,Th,1,2
20150203084714Th,20150203,Th,1,3
20150207084414Th,20150207,Th,1,4
20150216171714Mh,20150216,Mh,3,3
20150221155154Bh,20150221,Bh,3,0
20150222090014Th,20150222,Th,1,2
20150222112034Ch,20150222,Ch,1,2
20150225171114Mh,20150225,Mh,1,1
20150228082414Th,20150228,Th,3,2
20150302082034Lh,20150302,Lh,1,4
20150305081954Uh,20150305,Uh,1,0
20150308081954Uh,20150308,Uh,3,4
20150314081954Uh,20150314,Uh,1,3
20150315082034Lh,20150315,Lh,1,2
20150323172814Mh,20150323,Mh,1,1
20150324145954Bh,20150324,Bh,1,3
20150325015554Uh,20150325,Uh,3,4
20150327145114Th,20150327,Th,1,3
20150330081954Uh,20150330,Uh,2,0
20150409081954Uh,20150409,Uh,1,4
20150417082314Th,20150417,Th,1,1
20150421140454Bh,20150421,Bh,3,2
20150423120034Ch,20150423,Ch,3,1
20150427162314Mh,20150427,Mh,3,4
20150501120634Ch,20150501,Ch,1,0
20150518145654Bh,20150518,Bh,2,4
20150527082014Th,20150527,Th,1,1
20150527161214Mh,20150527,Mh,2,1
20150531082034Lh,20150531,Lh,2,3
20150610082014Th,20150610,Th,2,2
20150614162514Mh,20150614,Mh,3,2
20150615133554Bh,20150615,Bh,1,0
20150617161314Mh,20150617,Mh,2,3
20150620082014Th,20150620,Th,1,4
20150621161314Mh,20150621,Mh,1,0
20150625082014Th,20150625,Th,1,0
20150625082034Lh,20150625,Lh,3,0
20150626161514Mh,20150626,Mh,2,1
20150627133754Bh,20150627,Bh,1,1
20150629161614Mh,20150629,Mh,1,1
20150630083214Th,20150630,Th,1,2
20150706083014Th,20150706,Th,2,2
20150716162114Mh,20150716,Mh,2,3
20150718082014Th,20150718,Th,1,1
20150719182314Mh,20150719,Mh,1,3
20150720082014Th,20150720,Th,2,4
20150727082014Th,20150727,Th,2,0
20150731082034Lh,20150731,Lh,3,4
20150806082034Lh,20150806,Lh,2,2
20150819082014Th,20150819,Th,3,4
20150820152254Bh,20150820,Bh,1,0
20150825082034Lh,20150825,Lh,3,3
20150830084134Lh,20150830,Lh,1,3
20150913082014Th,20150913,Th,1,4
20150916055454Uh,20150916,Uh,1,4
20150919165814Mh,20150919,Mh,1,1
20150926111934Ch,20150926,Ch,1,2
20150927111834Ch,20150927,Ch,3,0
20151011144554Bh,20151011,Bh,1,0
20151013144654Bh,20151013,Bh,1,1
20151019223534Lh,20151019,Lh,1,3
20151105133734Ch,20151105,Ch,1,0
20151106171514Mh,20151106,Mh,1,0
20151107133734Ch,20151107,Ch,1,2
20151116201114Mh,20151116,Mh,1,3
20151116224034Lh,20151116,Lh,1,3
20151117172314Mh,20151117,Mh,3,4
20151118172314Mh,20151118,Mh,1,1
20151119133734Ch,20151119,Ch,2,2
20151122172614Mh,20151122,Mh,3,1
20151128133714Th,20151128,Th,1,2
20151128133734Ch,20151128,Ch,2,2
20151128222134Lh,20151128,Lh,1,2
20151209201754Bh,20151209,Bh,1,1
20151212171154Bh,20151212,Bh,1,2
20151213023454Uh,20151213,Uh,1,3
20151219133734Ch,20151219,Ch,1,4
20151224133734Ch,20151224,Ch,1,0
20151226133734Ch,20151226,Ch,1,4
20151228024254Uh,20151228,Uh,1,1
20160101133714Th,20160101,Th,3,2
20160103133734Ch,20160103,Ch,1,3
20160107133714Th,20160107,Th,1,0
20160110133714Th,20160110,Th,1,3
20160125154854Bh,20160125,Bh,1,0
20160127225034Lh,20160127,Lh,1,1
20160129225334Lh,20160129,Lh,1,2
20160201025254Uh,20160201,Uh,1,3
20160204133734Ch,20160204,Ch,2,4
20160213153054Bh,20160213,Bh,3,1
20160215133734Ch,20160215,Ch,3,4
20160215175514Mh,20160215,Mh,1,4
20160223173514Mh,20160223,Mh,2,0
20160225173314Mh,20160225,Mh,3,1
20160226173214Mh,20160226,Mh,2,3
20160229151254Bh,20160229,Bh,3,0
20160302133734Ch,20160302,Ch,1,0
20160309172214Mh,20160309,Mh,1,2
20160310133734Ch,20160310,Ch,3,4
20160315133714Th,20160315,Th,2,4
20160317232434Lh,20160317,Lh,1,3
20160320133714Th,20160320,Th,3,1
20160326143654Bh,20160326,Bh,1,2
20160327170714Mh,20160327,Mh,1,1
20160401133734Ch,20160401,Ch,1,3
20160401170314Mh,20160401,Mh,3,3
20160402025254Uh,20160402,Uh,2,2
20160403170114Mh,20160403,Mh,3,1
20160408232234Lh,20160408,Lh,1,0
20160411134234Ch,20160411,Ch,1,1
20160430133714Th,20160430,Th,2,2
20160430133734Ch,20160430,Ch,1,2
20160501143154Bh,20160501,Bh,2,3
20160510163914Mh,20160510,Mh,1,3
20160516012454Uh,20160516,Uh,1,4
20160518011654Uh,20160518,Uh,1,0
20160526011254Uh,20160526,Uh,3,3
20160530234734Lh,20160530,Lh,1,2
20160604163414Mh,20160604,Mh,1,1
20160606163514Mh,20160606,Mh,2,4
20160609133654Bh,20160609,Bh,1,0
20160617133654Bh,20160617,Bh,3,4
20160619133714Th,20160619,Th,1,1
20160627133734Ch,20160627,Ch,1,4
20160628152654Bh,20160628,Bh,2,2
20160629133714Th,20160629,Th,1,0
20160703133714Th,20160703,Th,3,1
20160714235434Lh,20160714,Lh,2,3
20160720133734Ch,20160720,Ch,1,4
20160724135554Bh,20160724,Bh,1,0
20160726135354Bh,20160726,Bh,1,0
20160804133734Ch,20160804,Ch,1,1
20160808133714Th,20160808,Th,1,2
20160809164914Mh,20160809,Mh,1,3
20160810234034Lh,20160810,Lh,3,2
20160831133714Th,20160831,Th,1,2
20160920230134Lh,20160920,Lh,3,1
20160925165814Mh,20160925,Mh,1,4
20160925225634Lh,20160925,Lh,1,4
20160927133734Ch,20160927,Ch,1,3
20160928143554Bh,20160928,Bh,2,0
20161002225034Lh,20161002,Lh,1,3
20161012133734Ch,20161012,Ch,1,4
20161013133734Ch,20161013,Ch,1,2
20161023133814Th,20161023,Th,1,1
20161105222634Lh,20161105,Lh,1,2
20161108021454Uh,20161108,Uh,1,4
20161109171714Mh,20161109,Mh,1,3
20161110151454Bh,20161110,Bh,2,4
20161116133714Th,20161116,Th,1,0
20161129022454Uh,20161129,Uh,2,2
20161201160954Bh,20161201,Bh,1,1
20161205133714Th,20161205,Th,3,3
20161210133714Th,20161210,Th,1,4
20161217133734Ch,20161217,Ch,1,0
20161222133714Th,20161222,Th,2,3
20161223133734Ch,20161223,Ch,1,0
20161224024154Uh,20161224,Uh,3,1
20161229133734Ch,20161229,Ch,1,4
20161231133734Ch,20161231,Ch,2,2
20170102024454Uh,20170102,Uh,1,1
20170103030554Uh,20170103,Uh,3,0
20170106133714Th,20170106,Th,1,3
20170107133714Th,20170107,Th,1,2
20170117175014Mh,20170117,Mh,3,2
20170119031254Uh,20170119,Uh,3,4
20170122034654Uh,20170122,Uh,1,0
20170125133734Ch,20170125,Ch,1,1
20170217165250Bh,20170217,Bh,1,4
20170218173710Mh,20170218,Mh,2,3
20170222133710Th,20170222,Th,2,0
20170310133730Ch,20170310,Ch,1,0
20170310173450Bh,20170310,Bh,1,0
20170316133730Ch,20170316,Ch,1,2
20170322015550Uh,20170322,Uh,1,1
20170323041730Lh,20170323,Lh,1,3
20170327143550Bh,20170327,Bh,2,4
20170329133730Ch,20170329,Ch,2,1
20170408133710Th,20170408,Th,1,2
20170411013550Uh,20170411,Uh,1,3
20170415145450Bh,20170415,Bh,1,0
20170417014150Uh,20170417,Uh,2,4
20170417232530Lh,20170417,Lh,1,4
20170418013450Uh,20170418,Uh,3,0
20170423014350Uh,20170423,Uh,1,1
20170425133730Ch,20170425,Ch,2,1
20170427154550Bh,20170427,Bh,1,4
20170502233130Lh,20170502,Lh,3,3
20170503013050Uh,20170503,Uh,1,2
20170609133710Th,20170609,Th,3,1
20170612135150Bh,20170612,Bh,1,3
20170619012150Uh,20170619,Uh,1,0
20170701235630Lh,20170701,Lh,1,2
20170702133730Ch,20170702,Ch,1,4
20170719235330Lh,20170719,Lh,1,2
20170722235230Lh,20170722,Lh,1,3
20170726235030Lh,20170726,Lh,3,1
20170728150230Ch,20170728,Ch,3,0
20170801164710Mh,20170801,Mh,1,2
20170804140650Bh,20170804,Bh,3,4
20170805133710Th,20170805,Th,1,2
20170806133710Th,20170806,Th,1,3
20170809164910Mh,20170809,Mh,1,1
20170827165310Mh,20170827,Mh,3,3
20170831170750Bh,20170831,Bh,2,0
20170925225630Lh,20170925,Lh,1,4
20170927143450Bh,20170927,Bh,3,2
20171004143950Bh,20171004,Bh,2,1
20171005133730Ch,20171005,Ch,1,3
20171005144050Bh,20171005,Bh,1,3
20171007133710Th,20171007,Th,1,0
20171007133730Ch,20171007,Ch,2,0
20171008144250Bh,20171008,Bh,2,4
20171011170310Mh,20171011,Mh,3,1
20171011224130Lh,20171011,Lh,1,1
20171014133730Ch,20171014,Ch,1,4
20171022170710Mh,20171022,Mh,2,4
20171025133730Ch,20171025,Ch,1,2
20171025223130Lh,20171025,Lh,2,2
20171027223030Lh,20171027,Lh,2,3
20171029150150Bh,20171029,Bh,3,4
20171101133730Ch,20171101,Ch,3,3
20171103222630Lh,20171103,Lh,2,0
20171106171510Mh,20171106,Mh,2,1
20171109023950Uh,20171109,Uh,1,0
20171114133730Ch,20171114,Ch,1,2
20171115170950Bh,20171115,Bh,2,0
20171115222230Lh,20171115,Lh,2,0
20171121222130Lh,20171121,Lh,1,3
20171123133730Ch,20171123,Ch,1,1
20171123222130Lh,20171123,Lh,3,1
20180109223930Lh,20180109,Lh,1,2
20180112130330Ch,20180112,Ch,2,4
20180202130330Ch,20180202,Ch,3,1
20180301050430Lh,20180301,Lh,1,1
20180306081810Th,20180306,Th,3,0
20180309000910Mh,20180309,Mh,2,2
20180318020350Uh,20180318,Uh,3,3
20180318232230Lh,20180318,Lh,2,3
20180506140230Ch,20180506,Ch,1,4
20180710031950Uh,20180710,Uh,1,0
20180712123630Ch,20180712,Ch,1,0
20180714000010Mh,20180714,Mh,1,4
20180801232450Bh,20180801,Bh,1,2
20180804234530Lh,20180804,Lh,3,4
20180805232510Mh,20180805,Mh,2,1
20180825205030Ch,20180825,Ch,3,3
20180827232530Lh,20180827,Lh,1,0
20180923112330Ch,20180923,Ch,1,1
20180924112030Ch,20180924,Ch,1,3
20180925000030Lh,20180925,Lh,1,2
20180926014350Uh,20180926,Uh,2,3
20181014105830Ch,20181014,Ch,1,2
20181023232430Lh,20181023,Lh,1,1
20181024232430Lh,20181024,Lh,1,3
20181101230010Mh,20181101,Mh,2,4
20181102104630Ch,20181102,Ch,1,0
20190317145150Bh,20190317,Bh,1,4
20190322144450Bh,20190322,Bh,1,3
20190412025430Lh,20190412,Lh,3,4
20190602025430Lh,20190602,Lh,2,4
20190609123330Ch,20190609,Ch,2,2
20190611032810Mh,20190611,Mh,3,0
20190626025430Lh,20190626,Lh,3,1
20190629163710Mh,20190629,Mh,1,2
20190701123830Ch,20190701,Ch,2,3
20190704123830Ch,20190704,Ch,1,0
20190805054730Lh,20190805,Lh,1,1
20190925165810Mh,20190925,Mh,1,2
20190926165810Mh,20190926,Mh,2,4
20190927165910Mh,20190927,Mh,1,3
20200105073250Uh,20200105,Uh,1,0
20200110073230Lh,20200110,Lh,3,1
20200114073230Lh,20200114,Lh,2,4
20200116073250Uh,20200116,Uh,1,4
20200619123010Th,20200619,Th,1,0
20200806053830Lh,20200806,Lh,1,2
20201022223330Lh,20201022,Lh,1,0
20201227202710Mh,20201227,Mh,3,3
20201228202430Ch,20201228,Ch,1,2
20210103223630Lh,20210103,Lh,1,1
20210201020330Lh,20210201,Lh,3,1
20210222222850Bh,20210222,Bh,2,3
20210223222830Ch,20210223,Ch,3,0
20210329015250Uh,20210329,Uh,1,1
20210329114430Ch,20210329,Ch,1,1
20210331231510Mh,20210331,Mh,2,3
20210616142650Bh,20210616,Bh,2,2
20210620163530Mh,20210620,Mh,1,4
20210621133650Bh,20210621,Bh,1,0
20210624133950Bh,20210624,Bh,2,4
20210626060050Uh,20210626,Uh,1,0
20210626133950Bh,20210626,Bh,2,0
20210721123430Ch,20210721,Ch,1,0
20210728164530Mh,20210728,Mh,1,2
20210731074710Th,20210731,Th,1,1
20210810121630Ch,20210810,Ch,1,3
20210812044930Lh,20210812,Lh,1,1
20210814044930Lh,20210814,Lh,1,2
20210815140550Bh,20210815,Bh,1,2
20210817165030Mh,20210817,Mh,3,3
20211016145050Bh,20211016,Bh,1,0
20211119103130Ch,20211119,Ch,1,3
20211222120130Ch,20211222,Ch,1,4
20211225025850Uh,20211225,Uh,3,4
20211229120130Ch,20211229,Ch,1,0
20211229120210Th,20211229,Th,1,0
20211231223430Lh,20211231,Lh,2,4
20220104043050Uh,20220104,Uh,1,1
20220122085210Th,20220122,Th,2,0
20220328143550Bh,20220328,Bh,3,3
20220418020950Uh,20220418,Uh,1,2
20220617185352Mh,20220617,Mh,1,0
20220618185332Bh,20220618,Bh,1,1
20220622205632Bh,20220622,Bh,3,2
20220710085152Th,20220710,Th,1,2
20220718185352Mh,20220718,Mh,1,2
20220721185332Bh,20220721,Bh,3,1
20220724185352Mh,20220724,Mh,1,3
20220803074752Th,20220803,Th,1,3
