pq,sq,rq,tp,fp,fn,iou_sum,stem,instrument,fold,n_a,n_b
0.08436578171091445,0.6327433628318584,0.13333333333333333,1,9,4,0.6327433628318584,20110114105034Ch,Ch,1,5,10
0.3859835676587304,0.5789753514880955,0.6666666666666666,2,1,1,1.157950702976191,20110128174814Mh,Mh,4,3,3
0.2932516935904117,0.5865033871808234,0.5,1,0,2,0.5865033871808234,20110128174814Mh,Mh,4,3,1
0.2866797739002212,0.5733595478004424,0.5,1,0,2,0.5733595478004424,20110128174814Mh,Mh,4,3,1
0.0,0.0,0.0,0,5,1,0.0,20110203082634Lh,Lh,1,1,5
0.0,0.0,0.0,0,2,1,0.0,20110203082634Lh,Lh,1,1,2
0.40572374637633496,0.7100165561585862,0.5714285714285714,2,0,3,1.4200331123171723,20110203082634Lh,Lh,1,5,2
0.4522091282272278,0.6783136923408417,0.6666666666666666,2,0,2,1.3566273846816834,20110205082634Lh,Lh,2,4,2
0.6645876777321235,0.6645876777321235,1.0,5,0,0,3.322938388660617,20110213093414Th,Th,1,5,5
0.15428849902534114,0.6942982456140351,0.2222222222222222,1,3,4,0.6942982456140351,20110215083814Th,Th,1,5,4
0.0,0.0,0.0,0,4,5,0.0,20110215083814Th,Th,1,5,4
0.162531328320802,0.650125313283208,0.25,1,3,3,0.650125313283208,20110215083814Th,Th,1,4,4
0.3942684978982462,0.6899698713219309,0.5714285714285714,2,0,3,1.3799397426438618,20110220082634Lh,Lh,3,5,2
0.4332493702770781,0.6498740554156172,0.6666666666666666,1,0,1,0.6498740554156172,20110301082654Uh,Uh,2,2,1
0.2180221458571974,0.6540664375715922,0.3333333333333333,1,3,1,0.6540664375715922,20110301082654Uh,Uh,2,2,4
0.2650810810810811,0.6627027027027027,0.4,1,3,0,0.6627027027027027,20110301082654Uh,Uh,2,1,4
0.21306546776881805,0.6391964033064541,0.3333333333333333,2,4,4,1.2783928066129082,20110306082634Lh,Lh,4,6,6
0.3431213516237327,0.5575721963885656,0.6153846153846154,4,3,2,2.2302887855542624,20110306082634Lh,Lh,4,6,7
0.17566505444186203,0.5709114269360516,0.3076923076923077,2,5,4,1.1418228538721031,20110306082634Lh,Lh,4,6,7
0.803556658395368,0.803556658395368,1.0,1,0,0,0.803556658395368,20110322005814Mh,Mh,1,1,1
0.6987951807228916,0.6987951807228916,1.0,1,0,0,0.6987951807228916,20110322005814Mh,Mh,1,1,1
0.7371854613233924,0.7371854613233924,1.0,1,0,0,0.7371854613233924,20110322005814Mh,Mh,1,1,1
0.4270955368277843,0.6406433052416765,0.6666666666666666,2,0,2,1.281286610483353,20110324082614Th,Th,2,4,2
0.33105102231670275,0.5793392890542298,0.5714285714285714,4,3,3,2.3173571562169193,20110327143554Bh,Bh,3,7,7
0.19078083989501313,0.5723425196850394,0.3333333333333333,1,3,1,0.5723425196850394,20110410141654Bh,Bh,4,2,4
0.43022404270598785,0.6453360640589818,0.6666666666666666,2,2,0,1.2906721281179636,20110410141654Bh,Bh,4,2,4
0.2767408562958814,0.5534817125917628,0.5,2,2,2,1.1069634251835256,20110410141654Bh,Bh,4,4,4
0.5531593169024046,0.6453525363861388,0.8571428571428571,6,2,0,3.8721152183168326,20110429135554Bh,Bh,1,6,8
0.5646117068269233,0.6210728775096156,0.9090909090909091,5,0,1,3.105364387548078,20110429135554Bh,Bh,1,6,5
0.5044911908926915,0.6558385481604989,0.7692307692307693,5,0,3,3.2791927408024946,20110429135554Bh,Bh,1,8,5
0.22368308570496576,0.5871680999755351,0.38095238095238093,4,5,8,2.3486723999021404,20110502063154Uh,Uh,4,12,9
0.3821120846710004,0.6004618473401434,0.6363636363636364,7,3,5,4.203232931381004,20110502063154Uh,Uh,4,12,10
0.3042328847792676,0.5780424810806084,0.5263157894736842,5,5,4,2.890212405403042,20110502063154Uh,Uh,4,9,10
0.37350589474357904,0.7003235526442106,0.5333333333333333,4,3,4,2.8012942105768426,20110510063134Lh,Lh,2,8,7
0.4221894943544428,0.6332842415316642,0.6666666666666666,1,0,1,0.6332842415316642,20110517164514Mh,Mh,1,2,1
0.5028462059890745,0.6285577574863431,0.8,2,1,0,1.2571155149726863,20110517164514Mh,Mh,1,2,3
0.29948867786705624,0.5989773557341125,0.5,1,2,0,0.5989773557341125,20110517164514Mh,Mh,1,1,3
0.38889462586373263,0.6481577097728878,0.6,3,2,2,1.9444731293186632,20110616133454Bh,Bh,1,5,5
0.5366905921845322,0.6440287106214386,0.8333333333333334,5,0,2,3.220143553107193,20110707074514Th,Th,4,7,5
0.09353751552060545,0.6079938508839354,0.15384615384615385,1,7,4,0.6079938508839354,20110711071214Th,Th,2,5,8
0.29132259719141196,0.6554758436806769,0.4444444444444444,2,3,2,1.3109516873613538,20110727063234Lh,Lh,1,4,5
0.40938131097757946,0.6140719664663692,0.6666666666666666,3,2,1,1.8422158993991076,20110727063234Lh,Lh,1,4,5
0.24509580315044088,0.6127395078761022,0.4,2,3,3,1.2254790157522044,20110727063234Lh,Lh,1,5,5
0.330035535586312,0.6050651485749053,0.5454545454545454,6,2,8,3.630390891449432,20110803164914Mh,Mh,0,14,8
0.45456817032543356,0.6313446810075466,0.72,9,2,5,5.6821021290679194,20110803164914Mh,Mh,0,14,11
0.47220589331065865,0.6408508552073224,0.7368421052631579,7,4,1,4.485955986451257,20110803164914Mh,Mh,0,8,11
0.4234121146579785,0.6351181719869678,0.6666666666666666,5,2,3,3.175590859934839,20110815140454Bh,Bh,4,8,7
0.25220570314404095,0.6305142578601024,0.4,1,0,3,0.6305142578601024,20110823120334Ch,Ch,4,4,1
0.4406374654003819,0.5875166205338426,0.75,3,1,1,1.7625498616015276,20110823120334Ch,Ch,4,4,4
0.26127272727272727,0.6531818181818182,0.4,1,3,0,0.6531818181818182,20110823120334Ch,Ch,4,1,4
0.5349656763173072,0.6496011783853016,0.8235294117647058,7,1,2,4.547208248697111,20110826074214Th,Th,4,9,8
0.3908751737924395,0.6644877954471472,0.5882352941176471,5,3,4,3.322438977235736,20110826074214Th,Th,4,9,8
0.3968747075476414,0.6349995320762263,0.625,5,3,3,3.1749976603811314,20110826074214Th,Th,4,8,8
0.3331998196976966,0.5997596754558538,0.5555555555555556,10,8,8,5.997596754558538,20110914063134Lh,Lh,0,18,18
0.3167029222112541,0.575823494929553,0.55,11,11,7,6.334058444225082,20110914063134Lh,Lh,0,18,22
0.244969582976875,0.6124239574421875,0.4,8,14,10,4.8993916595375,20110914063134Lh,Lh,0,18,22
0.3089122556340842,0.661954833501609,0.4666666666666667,7,8,8,4.633683834511263,20110918112834Ch,Ch,2,15,15
0.19510694158765196,0.5853208247629559,0.3333333333333333,2,5,3,1.1706416495259118,20110923165814Mh,Mh,0,5,7
0.1041241685144124,0.5726829268292682,0.18181818181818182,1,5,4,0.5726829268292682,20110923165814Mh,Mh,0,5,6
0.09798720549227649,0.6369168356997972,0.15384615384615385,1,5,6,0.6369168356997972,20110923165814Mh,Mh,0,7,6
0.19258982604170619,0.6259169346355451,0.3076923076923077,4,12,6,2.5036677385421804,20111009110234Ch,Ch,1,10,16
0.2902872599169274,0.6168604273234707,0.47058823529411764,4,3,6,2.4674417092938827,20111009110234Ch,Ch,1,10,7
0.3086185523709261,0.591518892044275,0.5217391304347826,6,1,10,3.54911335226565,20111009110234Ch,Ch,1,16,7
0.2927018707549519,0.6951669430430107,0.42105263157894735,4,0,11,2.780667772172043,20111018063134Lh,Lh,1,15,4
0.29100316127635556,0.5820063225527111,0.5,3,4,2,1.7460189676581335,20111027145954Bh,Bh,3,5,7
0.39626718214915635,0.5944007732237345,0.6666666666666666,3,1,2,1.7832023196712035,20111027145954Bh,Bh,3,5,4
0.34295678559538006,0.6287541069248634,0.5454545454545454,3,1,4,1.8862623207745903,20111027145954Bh,Bh,3,7,4
0.2017057250056894,0.6051171750170682,0.3333333333333333,3,5,7,1.8153515250512047,20111029063154Uh,Uh,1,10,8
0.5185898376238439,0.6806491618812952,0.7619047619047619,8,3,2,5.445193295050362,20111112193254Bh,Bh,3,10,11
0.6153078821886061,0.6768386704074667,0.9090909090909091,10,0,2,6.7683867040746675,20111114082314Th,Th,2,12,10
0.4445329300637084,0.6667993950955626,0.6666666666666666,7,2,5,4.667595765668938,20111114082314Th,Th,2,12,9
0.5426128990873504,0.6443528176662286,0.8421052631578947,8,1,2,5.154822541329829,20111114082314Th,Th,2,10,9
0.44832420420789787,0.6164457807858595,0.7272727272727273,8,3,3,4.931566246286876,20111116063134Lh,Lh,3,11,11
0.47367337176178986,0.6513008861724611,0.7272727272727273,8,3,3,5.2104070893796885,20111116063134Lh,Lh,3,11,11
0.40758066459423553,0.6404839015052273,0.6363636363636364,7,4,4,4.483387310536591,20111116063134Lh,Lh,3,11,11
0.7379678502651025,0.7379678502651025,1.0,2,0,0,1.475935700530205,20111214132434Ch,Ch,1,2,2
0.13817980022197557,0.6908990011098779,0.2,1,4,4,0.6908990011098779,20111215063134Lh,Lh,0,5,5
0.3551158513271871,0.6214527398225774,0.5714285714285714,4,5,1,2.4858109592903097,20111215063134Lh,Lh,0,5,9
0.16715267543713155,0.5850343640299605,0.2857142857142857,2,7,3,1.170068728059921,20111215063134Lh,Lh,0,5,9
0.2610833879260865,0.6266001310226075,0.4166666666666667,5,9,5,3.1330006551130376,20111218085014Th,Th,3,10,14
0.4104410129370942,0.6449787346154336,0.6363636363636364,7,5,3,4.514851142308036,20111218085014Th,Th,3,10,12
0.3662712678901671,0.6802180689388818,0.5384615384615384,7,5,7,4.761526482572172,20111218085014Th,Th,3,14,12
0.3284140976874323,0.6239867856061213,0.5263157894736842,5,3,6,3.1199339280306067,20111222063154Uh,Uh,2,11,8
0.29194138860025176,0.6130769160605287,0.47619047619047616,5,5,6,3.0653845803026436,20111222063154Uh,Uh,2,11,10
0.4148197337258423,0.6222296005887634,0.6666666666666666,6,4,2,3.7333776035325807,20111222063154Uh,Uh,2,8,10
0.2136770436346508,0.6410311309039524,0.3333333333333333,2,7,1,1.2820622618079047,20111229063154Uh,Uh,1,3,9
0.2386558375005486,0.5966395937513715,0.4,2,5,1,1.193279187502743,20111229063154Uh,Uh,1,3,7
0.46808562513546187,0.6241141668472825,0.75,6,1,3,3.744685001083695,20111229063154Uh,Uh,1,9,7
0.4471658548715675,0.6388083641022393,0.7,7,2,4,4.471658548715675,20120104063134Lh,Lh,4,11,9
0.3852628478465673,0.6421047464109454,0.6,3,1,3,1.9263142392328363,20120110155754Bh,Bh,2,6,4
0.2531444563034745,0.6961472548345549,0.36363636363636365,2,3,4,1.3922945096691097,20120110155754Bh,Bh,2,6,5
0.27948602472547635,0.6288435556323217,0.4444444444444444,2,3,2,1.2576871112646435,20120110155754Bh,Bh,2,4,5
0.43172702664545637,0.6206076008028435,0.6956521739130435,8,5,2,4.964860806422748,20120113104834Ch,Ch,0,10,13
0.7102657706899346,0.7102657706899346,1.0,2,0,0,1.4205315413798691,20120131063154Uh,Uh,3,2,2
0.3000774593338497,0.7501936483346243,0.4,1,2,1,0.7501936483346243,20120131063154Uh,Uh,3,2,3
0.27810480976310126,0.6952620244077531,0.4,1,2,1,0.6952620244077531,20120131063154Uh,Uh,3,2,3
0.30170881539828315,0.6034176307965663,0.5,2,3,1,1.2068352615931326,20120205172414Mh,Mh,0,3,5
0.4277016168310668,0.5702688224414224,0.75,3,2,0,1.710806467324267,20120205172414Mh,Mh,0,3,5
0.36472390018922585,0.6078731669820431,0.6,3,2,2,1.8236195009461293,20120205172414Mh,Mh,0,5,5
0.1248593158801109,0.5306520924904713,0.23529411764705882,2,5,8,1.0613041849809426,20120206063134Lh,Lh,2,10,7
0.3132706593476288,0.6265413186952576,0.5,7,3,11,4.385789230866804,20120215153654Bh,Bh,4,18,10
0.5433215927985948,0.6597476483982937,0.8235294117647058,7,0,3,4.618233538788056,20120217181154Bh,Bh,1,10,7
0.6581384481635817,0.7051483373181232,0.9333333333333333,7,0,1,4.936038361226863,20120223063154Uh,Uh,2,8,7
0.3579699831802303,0.7159399663604606,0.5,1,1,1,0.7159399663604606,20120225172914Mh,Mh,1,2,2
0.5787753108555689,0.5787753108555689,1.0,7,0,0,4.051427175988982,20120318063154Uh,Uh,2,7,7
0.21896960555706102,0.6295376159765504,0.34782608695652173,4,6,9,2.518150463906202,20120330063134Lh,Lh,4,13,10
0.5601492313345752,0.6161641544680327,0.9090909090909091,5,0,1,3.0808207723401635,20120331142954Bh,Bh,3,6,5
0.3189086206800844,0.6378172413601688,0.5,2,3,1,1.2756344827203376,20120403164114Mh,Mh,0,3,5
0.23149558702945,0.578738967573625,0.4,2,5,1,1.15747793514725,20120404063154Uh,Uh,0,3,7
0.15353947880202257,0.6141579152080903,0.25,1,4,2,0.6141579152080903,20120404063154Uh,Uh,0,3,5
0.38655231384256994,0.5798284707638549,0.6666666666666666,4,1,3,2.3193138830554196,20120404063154Uh,Uh,0,7,5
0.1494895052155399,0.5232132682543896,0.2857142857142857,2,2,8,1.0464265365087793,20120424072414Th,Th,1,10,4
0.4061462276663385,0.6498339642661416,0.625,5,1,5,3.249169821330708,20120424072414Th,Th,1,10,6
0.321301174439739,0.535501957399565,0.6,3,3,1,1.606505872198695,20120424072414Th,Th,1,4,6
0.08263412153572337,0.661072972285787,0.125,1,9,5,0.661072972285787,20120427063154Uh,Uh,2,6,10
0.3641273220107068,0.6068788700178447,0.6,9,5,7,5.461909830160602,20120519070814Th,Th,4,16,14
0.2877003243086451,0.5754006486172902,0.5,9,11,7,5.178605837555612,20120519070814Th,Th,4,16,20
0.3288599307674371,0.6211798692273811,0.5294117647058824,9,11,5,5.59061882304643,20120519070814Th,Th,4,14,20
0.3312384382390521,0.6072704701049289,0.5454545454545454,3,3,2,1.8218114103147864,20120603123034Ch,Ch,1,5,6
0.520620702465479,0.6507758780818487,0.8,4,1,1,2.6031035123273947,20120603123034Ch,Ch,1,5,5
0.47288104739986087,0.6502114401748087,0.7272727272727273,4,1,2,2.600845760699235,20120603123034Ch,Ch,1,6,5
0.2547680403509221,0.5944587608188182,0.42857142857142855,6,4,12,3.5667525649129095,20120610175114Mh,Mh,0,18,10
0.26541987922101995,0.6414313747841316,0.41379310344827586,6,5,12,3.8485882487047895,20120610175114Mh,Mh,0,18,11
0.226694513260065,0.5950730973076707,0.38095238095238093,4,7,6,2.3802923892306826,20120610175114Mh,Mh,0,10,11
0.12884128106309528,0.6227328584716272,0.20689655172413793,3,5,18,1.8681985754148815,20120703070814Th,Th,4,21,8
0.10064717796893141,0.5871085381520998,0.17142857142857143,3,11,18,1.7613256144562996,20120703070814Th,Th,4,21,14
0.15588824436091608,0.5715902293233589,0.2727272727272727,3,11,5,1.7147706879700768,20120703070814Th,Th,4,8,14
0.4431155551625022,0.6277470364802115,0.7058823529411765,6,2,3,3.7664822188812686,20120715123434Ch,Ch,3,9,8
0.3304356046128318,0.7021756598022675,0.47058823529411764,4,4,5,2.80870263920907,20120715123434Ch,Ch,3,9,8
0.43052258997405674,0.6888361439584908,0.625,5,3,3,3.444180719792454,20120715123434Ch,Ch,3,8,8
0.13079551000488043,0.5885797950219619,0.2222222222222222,1,5,2,0.5885797950219619,20120720085114Th,Th,3,3,6
0.1310272536687631,0.589622641509434,0.2222222222222222,1,5,2,0.589622641509434,20120720085114Th,Th,3,3,6
0.4162456240789096,0.6243684361183643,0.6666666666666666,4,2,2,2.4974737444734574,20120720085114Th,Th,3,6,6
0.28494375347522205,0.6411234453192496,0.4444444444444444,2,4,1,1.2822468906384992,20120723095014Th,Th,0,3,6
0.6243615754647057,0.6243615754647057,1.0,3,0,0,1.873084726394117,20120723095014Th,Th,0,3,3
0.2708371244395187,0.6093835299889171,0.4444444444444444,2,1,4,1.2187670599778342,20120723095014Th,Th,0,6,3
0.4233902626397079,0.6350853939595619,0.6666666666666666,6,2,4,3.810512363757371,20120729122634Ch,Ch,4,10,8
0.21941992770627725,0.6582597831188317,0.3333333333333333,3,5,7,1.9747793493564951,20120729122634Ch,Ch,4,10,8
0.2701373799131697,0.7203663464351192,0.375,3,5,5,2.1610990393053577,20120729122634Ch,Ch,4,8,8
0.3074059413814213,0.6660462063264128,0.46153846153846156,6,3,11,3.9962772379584766,20120802090314Th,Th,0,17,9
0.28789632394486275,0.6117796883828334,0.47058823529411764,8,9,9,4.894237507062667,20120802090314Th,Th,0,17,17
0.29574292123887064,0.6407763293508865,0.46153846153846156,6,11,3,3.8446579761053186,20120802090314Th,Th,0,9,17
0.5929923697140321,0.6738549655841275,0.88,11,2,1,7.412404621425402,20120803102114Th,Th,2,12,13
0.2940033600292573,0.5880067200585146,0.5,4,5,3,2.3520268802340585,20120810121634Ch,Ch,1,7,9
0.5265761543013799,0.684549000591794,0.7692307692307693,5,1,2,3.42274500295897,20120811121434Ch,Ch,4,7,6
0.5214214892800634,0.6778479360640823,0.7692307692307693,5,1,2,3.389239680320412,20120811121434Ch,Ch,4,7,6
0.46503377558001174,0.6975506633700176,0.6666666666666666,4,2,2,2.7902026534800703,20120811121434Ch,Ch,4,6,6
0.3241321252969365,0.5672312192696389,0.5714285714285714,2,2,1,1.1344624385392779,20120814163114Mh,Mh,0,3,4
0.349349377220578,0.6404738582377264,0.5454545454545454,3,3,2,1.921421574713179,20120816072814Th,Th,1,5,6
0.6051320983492872,0.6051320983492872,1.0,5,0,0,3.025660491746436,20120816072814Th,Th,1,5,5
0.10209119953528899,0.5615015974440895,0.18181818181818182,1,4,5,0.5615015974440895,20120816072814Th,Th,1,6,5
0.532714486139478,0.6392573833673737,0.8333333333333334,5,0,2,3.1962869168368684,20120910074014Th,Th,0,7,5
0.41058028836359706,0.6569284613817553,0.625,5,4,2,3.2846423069087765,20120910074014Th,Th,0,7,9
0.43572664274975,0.6100172998496499,0.7142857142857143,5,4,0,3.0500864992482497,20120910074014Th,Th,0,5,9
0.17383644105124066,0.6084275436793423,0.2857142857142857,1,3,2,0.6084275436793423,20120913165314Mh,Mh,4,3,4
0.18824087245139876,0.5647226173541963,0.3333333333333333,1,2,2,0.5647226173541963,20120913165314Mh,Mh,4,3,3
0.0,0.0,0.0,0,3,4,0.0,20120913165314Mh,Mh,4,4,3
0.18843802112284602,0.6595330739299611,0.2857142857142857,1,2,3,0.6595330739299611,20120914063134Lh,Lh,1,4,3
0.20374552983248637,0.6112365894974591,0.3333333333333333,1,2,2,0.6112365894974591,20120917142654Bh,Bh,2,3,3
0.47188579543621734,0.5898572442952716,0.8,2,0,1,1.1797144885905433,20120917142654Bh,Bh,2,3,2
0.45614743099787686,0.5701842887473461,0.8,2,0,1,1.1403685774946921,20120917142654Bh,Bh,2,3,2
0.17457852706299912,0.6110248447204969,0.2857142857142857,1,1,4,0.6110248447204969,20121006063534Lh,Lh,4,5,2
0.43268906336502766,0.5769187511533702,0.75,3,2,0,1.7307562534601106,20121007131134Ch,Ch,0,3,5
0.0,0.0,0.0,0,4,1,0.0,20121009165914Mh,Mh,4,1,4
0.4568781890825197,0.5939416458072756,0.7692307692307693,5,3,0,2.969708229036378,20121027063134Lh,Lh,3,5,8
0.2760090936345375,0.6210204606777094,0.4444444444444444,2,3,2,1.2420409213554189,20121027165114Mh,Mh,3,4,5
0.2331705478485504,0.582926369621376,0.4,2,4,2,1.165852739242752,20121027165114Mh,Mh,3,4,6
0.5231347777525239,0.7193103194097203,0.7272727272727273,4,2,1,2.8772412776388814,20121027165114Mh,Mh,3,5,6
0.1543744836794988,0.5789043137981205,0.26666666666666666,2,8,3,1.157808627596241,20121109103634Ch,Ch,3,5,10
0.0905861456483126,0.6341030195381883,0.14285714285714285,1,8,4,0.6341030195381883,20121109103634Ch,Ch,3,5,9
0.19552915210602073,0.6191756483357324,0.3157894736842105,3,6,7,1.857526945007197,20121109103634Ch,Ch,3,10,9
0.29496428701852156,0.6882500030432169,0.42857142857142855,3,3,5,2.064750009129651,20121113103634Ch,Ch,0,8,6
0.28978626824204384,0.6520191035445987,0.4444444444444444,4,6,4,2.6080764141783948,20121113103634Ch,Ch,0,8,10
0.34582154119203923,0.6916430823840785,0.5,4,6,2,2.766572329536314,20121113103634Ch,Ch,0,6,10
0.46221044776092324,0.6603006396584618,0.7,7,3,3,4.622104477609232,20121114172254Bh,Bh,3,10,10
0.1096413600372613,0.5482068001863065,0.2,1,6,2,0.5482068001863065,20121129063154Uh,Uh,2,3,7
0.1750177683013504,0.5250533049040512,0.3333333333333333,1,2,2,0.5250533049040512,20121129063154Uh,Uh,2,3,3
0.12865393158596178,0.643269657929809,0.2,1,2,6,0.643269657929809,20121129063154Uh,Uh,2,7,3
0.13379994338707182,0.5686497593950552,0.23529411764705882,2,4,9,1.1372995187901105,20121218063534Lh,Lh,4,11,6
0.11216424341691002,0.5047390953760951,0.2222222222222222,2,5,9,1.0094781907521901,20121218063534Lh,Lh,4,11,7
0.355582664217464,0.577821829353379,0.6153846153846154,4,3,2,2.311287317413516,20121218063534Lh,Lh,4,6,7
0.38993557738221735,0.7018840392879913,0.5555555555555556,5,2,6,3.5094201964399563,20130107174854Bh,Bh,3,11,7
0.1599429779824595,0.5997861674342231,0.26666666666666666,2,2,9,1.1995723348684462,20130107174854Bh,Bh,3,11,4
0.20458614067636624,0.5626118868600072,0.36363636363636365,2,2,5,1.1252237737200144,20130107174854Bh,Bh,3,7,4
0.3761005382273175,0.5954925188599193,0.631578947368421,6,3,4,3.572955113159516,20130110104734Ch,Ch,2,10,9
0.26165313160529535,0.6541328290132384,0.4,1,2,1,0.6541328290132384,20130218220314Mh,Mh,4,2,3
0.23843043823550647,0.7152913147065194,0.3333333333333333,1,3,1,0.7152913147065194,20130218220314Mh,Mh,4,2,4
0.5302436301187035,0.6186175684718207,0.8571428571428571,3,1,0,1.855852705415462,20130218220314Mh,Mh,4,3,4
0.7063024804555544,0.7063024804555544,1.0,1,0,0,0.7063024804555544,20130219063134Lh,Lh,2,1,1
0.40048038499181554,0.6007205774877233,0.6666666666666666,2,0,2,1.2014411549754467,20130221063134Lh,Lh,0,4,2
0.30456775589357715,0.6091355117871543,0.5,2,2,2,1.2182710235743086,20130221063134Lh,Lh,0,4,4
0.2123529895550621,0.6370589686651863,0.3333333333333333,1,3,1,0.6370589686651863,20130221063134Lh,Lh,0,2,4
0.5344970906068163,0.5344970906068163,1.0,1,0,0,0.5344970906068163,20130303063154Uh,Uh,0,1,1
0.3960865244974394,0.5941297867461591,0.6666666666666666,1,1,0,0.5941297867461591,20130303063154Uh,Uh,0,1,2
0.0,0.0,0.0,0,2,1,0.0,20130303063154Uh,Uh,0,1,2
0.48801466946344535,0.6100183368293067,0.8,6,1,2,3.66011002097584,20130305112734Ch,Ch,2,8,7
0.38312379302452076,0.6513104481416854,0.5882352941176471,5,4,3,3.2565522407084266,20130305112734Ch,Ch,2,8,9
0.5187135775381538,0.6916181033842052,0.75,6,3,1,4.149708620305231,20130305112734Ch,Ch,2,7,9
0.3591895047406733,0.6285816332961782,0.5714285714285714,4,3,3,2.514326533184713,20130314165714Mh,Mh,3,7,7
0.3707466281899728,0.5561199422849592,0.6666666666666666,4,4,0,2.224479769139837,20130319144654Bh,Bh,2,4,8
0.35257514195136636,0.5876252365856106,0.6,3,3,1,1.7628757097568317,20130319144654Bh,Bh,2,4,6
0.348005646805396,0.6090098819094429,0.5714285714285714,4,2,4,2.4360395276377718,20130319144654Bh,Bh,2,8,6
0.4948761071720479,0.6598348095627306,0.75,6,3,1,3.959008857376383,20130407063154Uh,Uh,0,7,9
0.21005305766963614,0.6301591730089084,0.3333333333333333,3,4,8,1.8904775190267253,20130425135954Bh,Bh,0,11,7
0.2995958417575624,0.5991916835151248,0.5,3,5,1,1.7975750505453743,20130429063154Uh,Uh,4,4,8
0.427139929661886,0.640709894492829,0.6666666666666666,6,4,2,3.8442593669569742,20130517063134Lh,Lh,0,8,10
0.4186572401862509,0.6279858602793763,0.6666666666666666,5,2,3,3.1399293013968816,20130517063134Lh,Lh,0,8,7
0.2339965082979853,0.6629901068442917,0.35294117647058826,3,4,7,1.988970320532875,20130517063134Lh,Lh,0,10,7
0.5155061435014144,0.7088209473144448,0.7272727272727273,4,2,1,2.835283789257779,20130630070714Th,Th,3,5,6
0.4147961907502572,0.6913269845837621,0.6,3,2,2,2.073980953751286,20130630070714Th,Th,3,5,5
0.34402065396988585,0.6307045322781241,0.5454545454545454,3,2,3,1.8921135968343723,20130630070714Th,Th,3,6,5
0.32456550650589056,0.6491310130117811,0.5,5,8,2,3.2456550650589056,20130719140154Bh,Bh,0,7,13
0.3603681382529574,0.6126258350300275,0.5882352941176471,5,5,2,3.063129175150138,20130719140154Bh,Bh,0,7,10
0.4142336353318158,0.5954608507894852,0.6956521739130435,8,2,5,4.7636868063158815,20130719140154Bh,Bh,0,13,10
0.5799910150086983,0.695989218010438,0.8333333333333334,5,1,1,3.47994609005219,20130807073114Th,Th,3,6,6
0.3903920382841504,0.6181207272832382,0.631578947368421,6,1,6,3.708724363699429,20130811140254Bh,Bh,1,12,7
0.22446095279717435,0.673382858391523,0.3333333333333333,3,5,7,2.020148575174569,20130813060834Lh,Lh,3,10,8
0.38935520948183716,0.6229683351709394,0.625,5,1,5,3.1148416758546973,20130813060834Lh,Lh,3,10,6
0.45984627887921053,0.6437847904308948,0.7142857142857143,5,1,3,3.2189239521544737,20130813060834Lh,Lh,3,8,6
0.5152892856918796,0.6441116071148495,0.8,6,1,2,3.8646696426890967,20130828141354Bh,Bh,0,8,7
0.6101110139851348,0.660953598483896,0.9230769230769231,6,1,0,3.9657215909033763,20130903060834Lh,Lh,4,6,7
0.4090045162653255,0.6816741937755425,0.6,6,6,2,4.090045162653255,20130903141654Bh,Bh,4,8,12
0.22032853700012928,0.7711498795004524,0.2857142857142857,2,7,3,1.5422997590009049,20130923060834Lh,Lh,0,5,9
0.33704036043087965,0.6459940241591859,0.5217391304347826,6,1,10,3.8759641449551157,20130925143254Bh,Bh,4,16,7
0.2674926959066826,0.6018585657900359,0.4444444444444444,6,5,10,3.6111513947402156,20130925143254Bh,Bh,4,16,11
0.2855971411309393,0.6425935675446135,0.4444444444444444,4,7,3,2.570374270178454,20130925143254Bh,Bh,4,7,11
0.15271371348793894,0.5344979972077862,0.2857142857142857,3,7,8,1.6034939916233588,20131006075314Th,Th,1,11,10
0.27822474552844084,0.5912275842479368,0.47058823529411764,4,6,3,2.364910336991747,20131007075314Th,Th,0,7,10
0.14807785920216493,0.5182725072075772,0.2857142857142857,2,5,5,1.0365450144151545,20131007075314Th,Th,0,7,7
0.13032492347735178,0.5538809247787451,0.23529411764705882,2,5,8,1.1077618495574901,20131007075314Th,Th,0,10,7
0.4142726283359164,0.6214089425038746,0.6666666666666666,3,1,2,1.8642268275116236,20131011195414Mh,Mh,3,5,4
0.17619991212557293,0.5873330404185765,0.3,3,12,2,1.7619991212557293,20131011195414Mh,Mh,3,5,15
0.20159129505227577,0.6383724343322066,0.3157894736842105,3,12,1,1.9151173029966198,20131011195414Mh,Mh,3,4,15
0.4463708085666386,0.5739053252999639,0.7777777777777778,7,3,1,4.017337277099747,20131016185334Ch,Ch,2,8,10
0.2827848749130538,0.5655697498261076,0.5,4,4,4,2.2622789993044305,20131016185334Ch,Ch,2,8,8
0.2792600768964766,0.6283351730170723,0.4444444444444444,4,4,6,2.5133406920682893,20131016185334Ch,Ch,2,10,8
0.5112923853413656,0.6817231804551541,0.75,9,4,2,6.135508624096387,20131017185334Ch,Ch,3,11,13
0.39537455405512456,0.6386819719352013,0.6190476190476191,13,6,10,8.302865635157616,20131025185414Mh,Mh,1,23,19
0.12008515776429095,0.6604683677036002,0.18181818181818182,1,5,4,0.6604683677036002,20131027025654Uh,Uh,3,5,6
0.25836105551343047,0.6459026387835761,0.4,2,3,3,1.2918052775671522,20131027025654Uh,Uh,3,5,5
0.48137947499278594,0.6618967781150806,0.7272727272727273,4,1,2,2.6475871124603225,20131027025654Uh,Uh,3,6,5
0.34171021403094165,0.6834204280618833,0.5,4,3,5,2.733681712247533,20131101222734Lh,Lh,0,9,7
0.10970260158162,0.5485130079081,0.2,2,8,8,1.0970260158162,20131107043054Uh,Uh,2,10,10
0.20632517957042906,0.5845880087828824,0.35294117647058826,3,4,7,1.7537640263486471,20131107043054Uh,Uh,2,10,7
0.13799019626058281,0.5864583341074769,0.23529411764705882,2,5,8,1.1729166682149539,20131107043054Uh,Uh,2,10,7
0.2980026548620074,0.6456724188676827,0.46153846153846156,6,9,5,3.874034513206096,20131109222434Lh,Lh,3,11,15
0.05416996876602489,0.5146147032772365,0.10526315789473684,1,9,8,0.5146147032772365,20131128192214Mh,Mh,2,9,10
0.5296444209178708,0.6179184910708492,0.8571428571428571,6,1,1,3.7075109464250953,20131206084114Th,Th,0,7,7
0.3303841372573583,0.7708963202671694,0.42857142857142855,3,3,5,2.312688960801508,20131225065154Uh,Uh,3,8,6
0.3823543913072405,0.6691201847876709,0.5714285714285714,4,2,4,2.6764807391506835,20131225065154Uh,Uh,3,8,6
0.6432023577048814,0.7718428292458578,0.8333333333333334,5,1,1,3.859214146229289,20131225065154Uh,Uh,3,6,6
0.4195870595034672,0.7132980011558943,0.5882352941176471,5,4,3,3.566490005779471,20131229112414Th,Th,2,8,9
0.46691755408885427,0.7003763311332815,0.6666666666666666,6,4,2,4.2022579867996885,20131229112414Th,Th,2,8,10
0.43542128836017513,0.6894170399036107,0.631578947368421,6,4,3,4.136502239421664,20131229112414Th,Th,2,9,10
0.46568623566238226,0.6597221671883748,0.7058823529411765,12,6,4,7.916666006260498,20140112180134Ch,Ch,2,16,18
0.40593231794228984,0.6291950928105493,0.6451612903225806,10,6,5,6.291950928105493,20140127180134Ch,Ch,0,15,16
0.5251061835233083,0.6301274202279699,0.8333333333333334,10,3,1,6.301274202279699,20140205180154Bh,Bh,1,11,13
0.44348856303056766,0.6208839882427947,0.7142857142857143,10,7,1,6.208839882427947,20140205180154Bh,Bh,1,11,17
0.3001844890439976,0.6432524765228519,0.4666666666666667,7,10,6,4.502767335659963,20140205180154Bh,Bh,1,13,17
0.43871450714322,0.65807176071483,0.6666666666666666,9,6,3,5.92264584643347,20140210180154Bh,Bh,1,12,15
0.48139494500899865,0.6418599266786649,0.75,9,3,3,5.776739340107984,20140210180154Bh,Bh,1,12,12
0.4336532789011062,0.6504799183516593,0.6666666666666666,9,3,6,5.854319265164934,20140210180154Bh,Bh,1,15,12
0.5222762709277905,0.6528453386597382,0.8,6,1,2,3.917072031958429,20140212024554Uh,Uh,3,8,7
0.23155119059947055,0.6657096729734778,0.34782608695652173,4,10,5,2.6628386918939113,20140216230134Lh,Lh,2,9,14
0.14752061461250576,0.6146692275521074,0.24,3,13,6,1.844007682656322,20140216230134Lh,Lh,2,9,16
0.2357145021116787,0.5892862552791968,0.4,6,10,8,3.5357175316751803,20140216230134Lh,Lh,2,14,16
0.2219488036421601,0.5548720091054002,0.4,3,3,6,1.6646160273162007,20140218230234Lh,Lh,4,9,6
0.5574926230026463,0.613241885302911,0.9090909090909091,10,2,0,6.13241885302911,20140225163314Th,Th,3,10,12
0.2525352180093244,0.6060845232223785,0.4166666666666667,5,12,2,3.0304226161118923,20140312081114Th,Th,0,7,17
0.31394248350096404,0.6082635617831178,0.5161290322580645,8,5,10,4.866108494264942,20140321195814Mh,Mh,2,18,13
0.3891474441925319,0.6485790736542199,0.6,6,3,5,3.891474441925319,20140401014754Uh,Uh,4,11,9
0.264355354053794,0.6344528497291057,0.4166666666666667,5,7,7,3.1722642486455284,20140406195854Bh,Bh,1,12,12
0.22735088008976478,0.6365824642513414,0.35714285714285715,5,11,7,3.182912321256707,20140406195854Bh,Bh,1,12,16
0.40074820714770976,0.6233861000075485,0.6428571428571429,9,7,3,5.610474900067937,20140406195854Bh,Bh,1,12,16
0.41003162623196926,0.6150474393479539,0.6666666666666666,7,3,4,4.305332075435677,20140413195914Mh,Mh,4,11,10
0.1361091019802868,0.5784636834162189,0.23529411764705882,2,11,2,1.1569273668324378,20140414020354Uh,Uh,0,4,13
0.2116468899968032,0.5820289474912088,0.36363636363636365,4,4,10,2.3281157899648353,20140414195834Ch,Ch,0,14,8
0.34627656565222464,0.5936169696895279,0.5833333333333334,7,3,7,4.155318787826696,20140414195834Ch,Ch,0,14,10
0.20604588444390898,0.618137653331727,0.3333333333333333,3,7,5,1.8544129599951809,20140414195834Ch,Ch,0,8,10
0.2564841421881652,0.5770893199233716,0.4444444444444444,2,4,1,1.1541786398467433,20140508195834Ch,Ch,1,3,6
0.4843450882326257,0.6659744963198603,0.7272727272727273,4,2,1,2.663897985279441,20140509071314Th,Th,2,5,6
0.24569866893082487,0.552822005094356,0.4444444444444444,2,2,3,1.105644010188712,20140509071314Th,Th,2,5,4
0.1242065371861677,0.6210326859308385,0.2,1,3,5,0.6210326859308385,20140509071314Th,Th,2,6,4
0.17888255781461776,0.6260889523511621,0.2857142857142857,2,6,4,1.2521779047023243,20140509195814Mh,Mh,2,6,8
0.2918642403990056,0.6323725208645121,0.46153846153846156,3,4,3,1.8971175625935364,20140509195814Mh,Mh,2,6,7
0.17802893669419095,0.6676085126032161,0.26666666666666666,2,5,6,1.3352170252064322,20140509195814Mh,Mh,2,8,7
0.3308216979797648,0.6616433959595296,0.5,7,5,9,4.631503771716707,20140513012554Uh,Uh,0,16,12
0.17418546365914786,0.6096491228070176,0.2857142857142857,1,5,0,0.6096491228070176,20140531195834Ch,Ch,1,1,6
0.38142893635948166,0.6198220215841577,0.6153846153846154,4,1,4,2.4792880863366307,20140604195854Bh,Bh,3,8,5
0.2358504236312832,0.589626059078208,0.4,2,0,6,1.179252118156416,20140604195854Bh,Bh,3,8,2
0.34140700451261363,0.5974622578970739,0.5714285714285714,2,0,3,1.1949245157941477,20140604195854Bh,Bh,3,5,2
0.35154267492363217,0.6151996811163563,0.5714285714285714,2,0,3,1.2303993622327125,20140605195854Bh,Bh,0,5,2
0.30985536408165126,0.6197107281633025,0.5,7,5,9,4.337975097143118,20140710083214Th,Th,2,16,12
0.1635542462004511,0.7087350668686213,0.23076923076923078,3,7,13,2.126205200605864,20140710083214Th,Th,2,16,10
0.2058335114161549,0.754722875192568,0.2727272727272727,3,7,9,2.264168625577704,20140710083214Th,Th,2,12,10
0.4804488301321512,0.7206732451982267,0.6666666666666666,7,3,4,5.044712716387587,20140806195834Ch,Ch,1,11,10
0.38651402267302737,0.6656630390479915,0.5806451612903226,9,2,11,5.990967351431924,20140807195854Bh,Bh,2,20,11
0.4417345604389698,0.6257906272885406,0.7058823529411765,6,2,3,3.7547437637312435,20140813064254Uh,Uh,0,9,8
0.38580585223826797,0.6338239001057259,0.6086956521739131,7,7,2,4.436767300740081,20141004075414Th,Th,0,9,14
0.47762530540449055,0.6766358493230283,0.7058823529411765,6,3,2,4.05981509593817,20141006224634Lh,Lh,4,8,9
0.5489591569788204,0.6665932620457105,0.8235294117647058,7,2,1,4.666152834319973,20141006224634Lh,Lh,4,8,9
0.5873910168149461,0.6608148939168144,0.8888888888888888,8,1,1,5.286519151334515,20141006224634Lh,Lh,4,9,9
0.2725019297620775,0.647192083184934,0.42105263157894735,4,9,2,2.588768332739736,20141012015654Uh,Uh,0,6,13
0.5469405872357634,0.7110227634064924,0.7692307692307693,5,2,1,3.555113817032462,20141012015654Uh,Uh,0,6,7
0.31667544991555074,0.6333508998311015,0.5,5,2,8,3.166754499155507,20141012015654Uh,Uh,0,13,7
0.4132340652564458,0.6198510978846686,0.6666666666666666,6,1,5,3.719106587308012,20141013195834Ch,Ch,4,11,7
0.3710984809971701,0.6494223417450476,0.5714285714285714,4,1,5,2.5976893669801906,20141016022554Uh,Uh,0,9,5
0.4096626795904935,0.6554602873447897,0.625,5,2,4,3.277301436723948,20141016022554Uh,Uh,0,9,7
0.325574454886236,0.651148909772472,0.5,3,4,2,1.9534467293174158,20141016022554Uh,Uh,0,5,7
0.20570620078453877,0.5656920521574816,0.36363636363636365,4,5,9,2.2627682086299266,20141016195834Ch,Ch,0,13,9
0.3178604338982655,0.635720867796531,0.5,6,5,7,3.814325206779186,20141016195834Ch,Ch,0,13,11
0.2969442988820317,0.5938885977640634,0.5,5,6,4,2.969442988820317,20141016195834Ch,Ch,0,9,11
0.2662963372418689,0.6213581202310275,0.42857142857142855,3,4,4,1.8640743606930825,20141027025054Uh,Uh,1,7,7
0.3390393321561883,0.7119825975279955,0.47619047619047616,5,5,6,3.5599129876399775,20141027224834Lh,Lh,1,11,10
0.5751090070148631,0.657267436588415,0.875,7,0,2,4.600872056118905,20141105195814Mh,Mh,3,9,7
0.29920471530966963,0.5984094306193393,0.5,5,8,2,2.9920471530966966,20141106195854Bh,Bh,1,7,13
0.42801903386937473,0.5992266474171246,0.7142857142857143,5,2,2,2.996133237085623,20141106195854Bh,Bh,1,7,7
0.38080396643483005,0.6346732773913834,0.6,6,1,7,3.8080396643483003,20141106195854Bh,Bh,1,13,7
0.5077357581462666,0.6092829097755199,0.8333333333333334,10,2,2,6.0928290977551995,20141112195854Bh,Bh,2,12,12
0.3203787109948554,0.6178732283472211,0.5185185185185185,7,8,5,4.325112598430548,20141112195854Bh,Bh,2,12,15
0.3240246584297471,0.6249046984002266,0.5185185185185185,7,8,5,4.374332888801586,20141112195854Bh,Bh,2,12,15
0.48227072401551324,0.6162348140198225,0.782608695652174,9,1,4,5.546113326178403,20141129222134Lh,Lh,4,13,10
0.3908672896468514,0.6188732086075147,0.631578947368421,6,3,4,3.7132392516450885,20141210201814Mh,Mh,0,10,9
0.4256436771863094,0.6384655157794642,0.6666666666666666,7,3,4,4.469258610456249,20141214201834Ch,Ch,4,11,10
0.5061499846972207,0.6467472026686709,0.782608695652174,9,3,2,5.820724824018038,20141214201834Ch,Ch,4,11,12
0.39417800389172386,0.6194225775441374,0.6363636363636364,7,5,3,4.335958042808962,20141214201834Ch,Ch,4,10,12
0.47880952895202944,0.6882886978685423,0.6956521739130435,8,2,5,5.506309582948338,20141216222634Lh,Lh,1,13,10
0.4149062134242881,0.6816316363399019,0.6086956521739131,7,3,6,4.771421454379313,20141216222634Lh,Lh,1,13,10
0.5519927917357352,0.689990989669669,0.8,8,2,2,5.519927917357352,20141216222634Lh,Lh,1,10,10
0.465930244951365,0.665614635644807,0.7,7,1,5,4.65930244951365,20141225024354Uh,Uh,2,12,8
0.32446694914209634,0.6489338982841927,0.5,6,2,10,3.893603389705156,20150112081954Uh,Uh,4,16,8
0.2548459583528582,0.5861457042115739,0.43478260869565216,5,2,11,2.9307285210578695,20150112081954Uh,Uh,4,16,7
0.39017469462258103,0.5852620419338715,0.6666666666666666,5,2,3,2.926310209669358,20150112081954Uh,Uh,4,8,7
0.4440787131976594,0.6217101984767232,0.7142857142857143,10,4,4,6.217101984767232,20150113105034Ch,Ch,2,14,14
0.4899408176221116,0.6458310777746017,0.7586206896551724,11,4,3,7.104141855520618,20150113105034Ch,Ch,2,14,15
0.4691238017088914,0.6802295124778925,0.6896551724137931,10,5,4,6.802295124778925,20150113105034Ch,Ch,2,14,15
0.45577682855237034,0.6836652428285556,0.6666666666666666,5,2,3,3.4183262141427777,20150116082034Lh,Lh,3,8,7
0.43835987841292334,0.7013758054606773,0.625,5,3,3,3.5068790273033867,20150116082034Lh,Lh,3,8,8
0.5684385199345102,0.6090412713584038,0.9333333333333333,7,1,0,4.263288899508827,20150116082034Lh,Lh,3,7,8
0.4661367188439251,0.6992050782658876,0.6666666666666666,2,1,1,1.3984101565317753,20150125172714Mh,Mh,1,3,3
0.3033729441532622,0.6067458883065244,0.5,2,3,1,1.2134917766130489,20150125172714Mh,Mh,1,3,5
0.4978857477266375,0.6638476636355167,0.75,3,2,0,1.99154299090655,20150125172714Mh,Mh,1,3,5
0.5297199241336328,0.605394199009866,0.875,7,1,1,4.237759393069062,20150216171714Mh,Mh,3,8,8
0.34531116357197705,0.647458431697457,0.5333333333333333,4,3,4,2.589833726789828,20150216171714Mh,Mh,3,8,7
0.39151916060365954,0.7340984261318616,0.5333333333333333,4,3,4,2.9363937045274464,20150216171714Mh,Mh,3,8,7
0.3971869449971557,0.5957804174957335,0.6666666666666666,4,1,3,2.383121669982934,20150221155154Bh,Bh,0,7,5
0.36527865351909633,0.5783578680719025,0.631578947368421,6,6,1,3.470147208431415,20150221155154Bh,Bh,0,7,12
0.290109550453454,0.6164827947135897,0.47058823529411764,4,8,1,2.4659311788543588,20150221155154Bh,Bh,0,5,12
0.3704073188938519,0.6667331740089335,0.5555555555555556,5,6,2,3.3336658700446673,20150228082414Th,Th,2,7,11
0.2739437952325729,0.5821305648692174,0.47058823529411764,4,6,3,2.3285222594768697,20150228082414Th,Th,2,7,10
0.5368918247829282,0.6263737955800829,0.8571428571428571,9,1,2,5.637364160220746,20150228082414Th,Th,2,11,10
0.1788977666451329,0.5814177415966819,0.3076923076923077,2,3,6,1.1628354831933638,20150308081954Uh,Uh,4,8,5
0.31244800515862653,0.6248960103172531,0.5,4,4,4,2.4995840412690122,20150308081954Uh,Uh,4,8,8
0.07833883907503539,0.50920245398773,0.15384615384615385,1,7,4,0.50920245398773,20150308081954Uh,Uh,4,5,8
0.16531208494424215,0.6061443114622213,0.2727272727272727,3,8,8,1.8184329343866636,20150325015554Uh,Uh,4,11,11
0.16672745763629138,0.6669098305451655,0.25,2,3,9,1.333819661090331,20150325015554Uh,Uh,4,11,5
0.40777860840840596,0.6524457734534496,0.625,5,0,6,3.2622288672672477,20150325015554Uh,Uh,4,11,5
0.5394305000886992,0.6550227501077062,0.8235294117647058,7,3,0,4.585159250753943,20150330081954Uh,Uh,0,7,10
0.40438264741780866,0.6267931034976034,0.6451612903225806,10,6,5,6.267931034976034,20150421140454Bh,Bh,2,15,16
0.47094907966277894,0.6636100667975522,0.7096774193548387,11,5,4,7.299710734773074,20150421140454Bh,Bh,2,15,16
0.5785777138435224,0.7120956478074122,0.8125,13,3,3,9.257243421496359,20150421140454Bh,Bh,2,16,16
0.417602909409447,0.5884404632587662,0.7096774193548387,11,4,5,6.472845095846428,20150423120034Ch,Ch,1,16,15
0.3032599049064929,0.6317914685551935,0.48,6,3,10,3.790748811331161,20150423120034Ch,Ch,1,16,9
0.2998566270490855,0.599713254098171,0.5,6,3,9,3.598279524589026,20150423120034Ch,Ch,1,15,9
0.14069183605696076,0.6331132622563234,0.2222222222222222,2,8,6,1.2662265245126467,20150427162314Mh,Mh,4,8,10
0.19568388658046054,0.5544376786446382,0.35294117647058826,3,6,5,1.6633130359339146,20150427162314Mh,Mh,4,8,9
0.27451845418548787,0.6519813286905337,0.42105263157894735,4,5,6,2.607925314762135,20150427162314Mh,Mh,4,10,9
0.34600790593626773,0.644832915608499,0.5365853658536586,11,13,6,7.093162071693489,20150518145654Bh,Bh,4,17,24
0.5901460972097803,0.6639143593610028,0.8888888888888888,4,0,1,2.6556574374440114,20150527161214Mh,Mh,1,5,4
0.3104333164132607,0.5898233011851953,0.5263157894736842,5,5,4,2.9491165059259767,20150531082034Lh,Lh,3,9,10
0.5179419509009259,0.621530341081111,0.8333333333333334,10,2,2,6.215303410811111,20150610082014Th,Th,2,12,12
0.4247440970836515,0.6067772815480736,0.7,7,3,3,4.247440970836515,20150614162514Mh,Mh,2,10,10
0.37896399803503217,0.6000263302221343,0.631578947368421,6,3,4,3.6001579813328055,20150614162514Mh,Mh,2,10,9
0.5212925123153408,0.6190348583744673,0.8421052631578947,8,1,2,4.952278866995738,20150614162514Mh,Mh,2,10,9
0.3594371746065808,0.6290150555615164,0.5714285714285714,4,3,3,2.5160602222460655,20150617161314Mh,Mh,3,7,7
0.3626155049868439,0.6345771337269769,0.5714285714285714,2,2,1,1.2691542674539538,20150625082034Lh,Lh,0,3,4
0.40010592078395696,0.7001853613719247,0.5714285714285714,2,2,1,1.4003707227438493,20150625082034Lh,Lh,0,3,4
0.1961904761904762,0.7847619047619048,0.25,1,3,3,0.7847619047619048,20150625082034Lh,Lh,0,4,4
0.3961694632255502,0.5942541948383253,0.6666666666666666,3,3,0,1.782762584514976,20150626161514Mh,Mh,1,3,6
0.447168713327342,0.6019578833252681,0.7428571428571429,13,3,6,7.825452483228485,20150706083014Th,Th,2,19,16
0.3188211470253564,0.6907791518882722,0.46153846153846156,3,2,5,2.0723374556648166,20150716162114Mh,Mh,3,8,5
0.0,0.0,0.0,0,4,4,0.0,20150720082014Th,Th,4,4,4
0.0,0.0,0.0,0,2,1,0.0,20150727082014Th,Th,0,1,2
0.18903648480217278,0.6301216160072426,0.3,3,7,7,1.8903648480217277,20150731082034Lh,Lh,4,10,10
0.31268313155056454,0.5628296367910162,0.5555555555555556,5,3,5,2.814148183955081,20150731082034Lh,Lh,4,10,8
0.27175979996935273,0.6114595499310437,0.4444444444444444,4,4,6,2.4458381997241747,20150731082034Lh,Lh,4,10,8
0.34011649789306586,0.5952038713128652,0.5714285714285714,6,5,4,3.5712232278771916,20150806082034Lh,Lh,2,10,11
0.16,0.56,0.2857142857142857,1,0,5,0.56,20150819082014Th,Th,4,6,1
0.1468046516590206,0.513816280806572,0.2857142857142857,1,0,5,0.513816280806572,20150819082014Th,Th,4,6,1
0.0,0.0,0.0,0,1,1,0.0,20150819082014Th,Th,4,1,1
0.41705310132036955,0.7089902722446283,0.5882352941176471,5,3,4,3.5449513612231414,20150825082034Lh,Lh,3,9,8
0.5039305967138124,0.647910767203473,0.7777777777777778,7,2,2,4.535375370424311,20150825082034Lh,Lh,3,9,9
0.3121237706327581,0.663263012594611,0.47058823529411764,4,5,4,2.653052050378444,20150825082034Lh,Lh,3,8,9
0.436647824912871,0.6113069548780194,0.7142857142857143,10,4,4,6.113069548780194,20150927111834Ch,Ch,0,14,14
0.5016144661954854,0.6771795293639054,0.7407407407407407,10,3,4,6.7717952936390535,20150927111834Ch,Ch,0,14,13
0.502660278722693,0.6169012511596687,0.8148148148148148,11,2,3,6.785913762756356,20150927111834Ch,Ch,0,14,13
0.06146928970263602,0.5224889624724062,0.11764705882352941,1,9,6,0.5224889624724062,20151117172314Mh,Mh,4,7,10
0.18298346428926446,0.5946962589401095,0.3076923076923077,2,4,5,1.189392517880219,20151117172314Mh,Mh,4,7,6
0.2899584238248928,0.5799168476497856,0.5,4,2,6,2.3196673905991423,20151117172314Mh,Mh,4,10,6
0.2379717455847139,0.6742532791566894,0.35294117647058826,3,5,6,2.022759837470068,20151119133734Ch,Ch,2,9,8
0.43279303125621416,0.6131234609463033,0.7058823529411765,6,2,3,3.67874076567782,20151122172614Mh,Mh,1,9,8
0.2602663863958991,0.598612688710568,0.43478260869565216,5,9,4,2.99306344355284,20151122172614Mh,Mh,1,9,14
0.1218492654777752,0.6701709601277637,0.18181818181818182,2,12,6,1.3403419202555273,20151122172614Mh,Mh,1,8,14
0.2265889116849291,0.5664722792123228,0.4,3,7,2,1.6994168376369683,20151128133734Ch,Ch,2,5,10
0.7092442850129952,0.7092442850129952,1.0,2,0,0,1.4184885700259904,20160101133714Th,Th,2,2,2
0.34130298600960535,0.6826059720192107,0.5,1,1,1,0.6826059720192107,20160101133714Th,Th,2,2,2
0.345189629312192,0.690379258624384,0.5,1,1,1,0.690379258624384,20160101133714Th,Th,2,2,2
0.12705906738206788,0.5929423144496501,0.21428571428571427,3,9,13,1.77882694334895,20160204133734Ch,Ch,4,16,12
0.3492971962743918,0.582161993790653,0.6,3,1,3,1.746485981371959,20160213153054Bh,Bh,1,6,4
0.32327296159129265,0.5657276827847622,0.5714285714285714,4,4,2,2.2629107311390486,20160213153054Bh,Bh,1,6,8
0.3901517245704385,0.5852275868556578,0.6666666666666666,4,4,0,2.340910347422631,20160213153054Bh,Bh,1,4,8
0.4112685628411042,0.6683114146167943,0.6153846153846154,4,3,2,2.6732456584671773,20160215133734Ch,Ch,4,6,7
0.31214106326841107,0.6242821265368221,0.5,4,6,2,2.4971285061472885,20160215133734Ch,Ch,4,6,10
0.34109827202148674,0.5798670624365274,0.5882352941176471,5,5,2,2.8993353121826373,20160215133734Ch,Ch,4,7,10
0.3705238444395679,0.6792937148058744,0.5454545454545454,3,2,3,2.0378811444176232,20160223173514Mh,Mh,0,6,5
0.4690477288578838,0.6253969718105118,0.75,3,2,0,1.8761909154315353,20160225173314Mh,Mh,1,3,5
0.10362009355297945,0.569910514541387,0.18181818181818182,1,7,2,0.569910514541387,20160225173314Mh,Mh,1,3,8
0.1035083896273698,0.6728045325779037,0.15384615384615385,1,7,4,0.6728045325779037,20160225173314Mh,Mh,1,5,8
0.3077433320606841,0.6667772194648155,0.46153846153846156,3,4,3,2.0003316583944466,20160226173214Mh,Mh,3,6,7
0.27226821492038844,0.6352925014809063,0.42857142857142855,3,3,5,1.905877504442719,20160229151254Bh,Bh,0,8,6
0.17918599179942193,0.6271509712979768,0.2857142857142857,2,4,6,1.2543019425959536,20160229151254Bh,Bh,0,8,6
0.2942788802300468,0.5885577604600936,0.5,3,3,3,1.7656732813802807,20160229151254Bh,Bh,0,6,6
0.4222594173334736,0.6756150677335577,0.625,5,4,2,3.378075338667789,20160310133734Ch,Ch,4,7,9
0.4307731944957573,0.6461597917436359,0.6666666666666666,5,3,2,3.2307989587181796,20160310133734Ch,Ch,4,7,8
0.6185075908502061,0.657164315278344,0.9411764705882353,8,0,1,5.257314522226752,20160310133734Ch,Ch,4,9,8
0.28120417651764773,0.5624083530352955,0.5,2,2,2,1.124816706070591,20160315133714Th,Th,4,4,4
0.4924747116684097,0.6771527285440634,0.7272727272727273,4,2,1,2.7086109141762535,20160320133714Th,Th,1,5,6
0.43143629750048634,0.6471544462507295,0.6666666666666666,4,3,1,2.588617785002918,20160320133714Th,Th,1,5,7
0.6118328768229113,0.6628189498914873,0.9230769230769231,6,1,0,3.9769136993489234,20160320133714Th,Th,1,6,7
0.15533132311694267,0.5436596309092994,0.2857142857142857,2,6,4,1.0873192618185987,20160401170314Mh,Mh,3,6,8
0.4721348564624563,0.5901685705780704,0.8,4,0,2,2.3606742823122815,20160401170314Mh,Mh,3,6,4
0.2089584644888105,0.6268753934664315,0.3333333333333333,2,2,6,1.253750786932863,20160401170314Mh,Mh,3,8,4
0.2643750644309452,0.6609376610773631,0.4,3,4,5,1.982812983232089,20160402025254Uh,Uh,2,8,7
0.2672627289620923,0.6013411401647076,0.4444444444444444,2,4,1,1.2026822803294153,20160403170114Mh,Mh,1,3,6
0.1973296558641008,0.6906537955243528,0.2857142857142857,1,3,2,0.6906537955243528,20160403170114Mh,Mh,1,3,4
0.11565389696169089,0.5782694848084544,0.2,1,3,5,0.5782694848084544,20160403170114Mh,Mh,1,6,4
0.2679297947128666,0.6028420381039499,0.4444444444444444,2,1,4,1.2056840762078997,20160430133714Th,Th,2,6,3
0.4772189345873885,0.5726627215048662,0.8333333333333334,5,2,0,2.863313607524331,20160501143154Bh,Bh,3,5,7
0.27521571477540774,0.6192353582446674,0.4444444444444444,4,4,6,2.4769414329786694,20160526011254Uh,Uh,3,10,8
0.06521839398551726,0.5869655458696554,0.1111111111111111,1,7,9,0.5869655458696554,20160526011254Uh,Uh,3,10,8
0.14404516955610303,0.5761806782244121,0.25,2,6,6,1.1523613564488242,20160526011254Uh,Uh,3,8,8
0.162561024485805,0.6096038418217687,0.26666666666666666,2,3,8,1.2192076836435375,20160606163514Mh,Mh,4,10,5
0.6046564195110028,0.7255877034132034,0.8333333333333334,5,0,2,3.627938517066017,20160617133654Bh,Bh,4,7,5
0.56064407843284,0.672772894119408,0.8333333333333334,5,0,2,3.36386447059704,20160617133654Bh,Bh,4,7,5
0.5242921505353122,0.6553651881691402,0.8,4,1,1,2.621460752676561,20160617133654Bh,Bh,4,5,5
0.42629354324731955,0.7104892387455326,0.6,3,1,3,2.131467716236598,20160628152654Bh,Bh,2,6,4
0.43547978845369045,0.6532196826805357,0.6666666666666666,5,3,2,3.2660984134026783,20160703133714Th,Th,1,7,8
0.44323960008450475,0.6205354401183066,0.7142857142857143,5,2,2,3.102677200591533,20160703133714Th,Th,1,7,7
0.35775933050958825,0.670798744705478,0.5333333333333333,4,3,4,2.683194978821912,20160703133714Th,Th,1,8,7
0.28498495758285086,0.6768392742592708,0.42105263157894735,4,6,5,2.7073570970370833,20160714235434Lh,Lh,3,9,10
0.31611533791466606,0.6322306758293321,0.5,3,4,2,1.8966920274879964,20160810234034Lh,Lh,2,5,7
0.3152017861797042,0.682937203389359,0.46153846153846156,3,5,2,2.048811610168077,20160810234034Lh,Lh,2,5,8
0.2666486088531799,0.6666215221329498,0.4,3,5,4,1.9998645663988492,20160810234034Lh,Lh,2,7,8
0.10236651672208097,0.5118325836104048,0.2,1,1,7,0.5118325836104048,20160920230134Lh,Lh,1,8,2
0.2828693824548294,0.5657387649096588,0.5,3,1,5,1.6972162947289764,20160920230134Lh,Lh,1,8,4
0.17763845350052246,0.5329153605015674,0.3333333333333333,1,3,1,0.5329153605015674,20160920230134Lh,Lh,1,2,4
0.5857766550600553,0.5857766550600553,1.0,4,0,0,2.343106620240221,20160928143554Bh,Bh,0,4,4
0.375968992248062,0.751937984496124,0.5,1,0,2,0.751937984496124,20161110151454Bh,Bh,4,3,1
0.2609206834220224,0.652301708555056,0.4,4,6,6,2.609206834220224,20161129022454Uh,Uh,2,10,10
0.0,0.0,0.0,0,2,4,0.0,20161205133714Th,Th,3,4,2
0.0,0.0,0.0,0,3,4,0.0,20161205133714Th,Th,3,4,3
0.22471169686985176,0.5617792421746294,0.4,1,2,1,0.5617792421746294,20161205133714Th,Th,3,2,3
0.0,0.0,0.0,0,3,6,0.0,20161222133714Th,Th,3,6,3
0.12004397215097104,0.6002198607548552,0.2,1,3,5,0.6002198607548552,20161224024154Uh,Uh,1,6,4
0.10037878787878789,0.5520833333333334,0.18181818181818182,1,4,5,0.5520833333333334,20161224024154Uh,Uh,1,6,5
0.40366193268266315,0.6054928990239947,0.6666666666666666,3,2,1,1.8164786970719842,20161224024154Uh,Uh,1,4,5
0.11744142804016362,0.5872071402008181,0.2,1,5,3,0.5872071402008181,20161231133734Ch,Ch,2,4,6
0.48789930135500287,0.5692158515808367,0.8571428571428571,3,1,0,1.70764755474251,20170103030554Uh,Uh,0,3,4
0.40015250501951444,0.6002287575292716,0.6666666666666666,2,1,1,1.2004575150585433,20170103030554Uh,Uh,0,3,3
0.3487184097819335,0.6102572171183837,0.5714285714285714,2,1,2,1.2205144342367673,20170103030554Uh,Uh,0,4,3
0.5726156994148174,0.6680516493172869,0.8571428571428571,3,1,0,2.0041549479518608,20170117175014Mh,Mh,2,3,4
0.5736574715859758,0.6692670501836385,0.8571428571428571,3,1,0,2.0078011505509155,20170117175014Mh,Mh,2,3,4
0.6596856040446089,0.6596856040446089,1.0,4,0,0,2.6387424161784354,20170117175014Mh,Mh,2,4,4
0.0,0.0,0.0,0,1,2,0.0,20170119031254Uh,Uh,4,2,1
0.17761136712749614,0.5328341013824884,0.3333333333333333,1,3,1,0.5328341013824884,20170119031254Uh,Uh,4,2,4
0.2183159188690842,0.5457897971727105,0.4,1,3,0,0.5457897971727105,20170119031254Uh,Uh,4,1,4
0.0,0.0,0.0,0,9,2,0.0,20170218173710Mh,Mh,3,2,9
0.5104953820319059,0.7657430730478589,0.6666666666666666,1,1,0,0.7657430730478589,20170222133710Th,Th,0,1,2
0.1541287613715885,0.616515045486354,0.25,1,2,4,0.616515045486354,20170327143550Bh,Bh,4,5,3
0.6588422162073897,0.6588422162073897,1.0,2,0,0,1.3176844324147794,20170329133730Ch,Ch,1,2,2
0.5027361408517725,0.7541042112776588,0.6666666666666666,1,0,1,0.7541042112776588,20170417014150Uh,Uh,4,2,1
0.6321142026058466,0.6321142026058466,1.0,2,0,0,1.2642284052116932,20170418013450Uh,Uh,0,2,2
0.4645084645084645,0.6967626967626968,0.6666666666666666,1,0,1,0.6967626967626968,20170418013450Uh,Uh,0,2,1
0.413963963963964,0.620945945945946,0.6666666666666666,1,0,1,0.620945945945946,20170418013450Uh,Uh,0,2,1
0.28435582822085886,0.7108895705521472,0.4,1,1,2,0.7108895705521472,20170425133730Ch,Ch,1,3,2
0.6325604838709677,0.6325604838709677,1.0,1,0,0,0.6325604838709677,20170502233130Lh,Lh,3,1,1
0.45446507515473034,0.6816976127320955,0.6666666666666666,1,1,0,0.6816976127320955,20170502233130Lh,Lh,3,1,2
0.5197401299350325,0.7796101949025487,0.6666666666666666,1,1,0,0.7796101949025487,20170502233130Lh,Lh,3,1,2
0.48355720240852246,0.7253358036127837,0.6666666666666666,1,1,0,0.7253358036127837,20170609133710Th,Th,1,1,2
0.7316112084063048,0.7316112084063048,1.0,1,0,0,0.7316112084063048,20170609133710Th,Th,1,1,1
0.4790946243319711,0.7186419364979566,0.6666666666666666,1,0,1,0.7186419364979566,20170609133710Th,Th,1,2,1
0.1683437150614918,0.757546717776713,0.2222222222222222,1,1,6,0.757546717776713,20170726235030Lh,Lh,1,7,2
0.2277728913519581,0.6833186740558743,0.3333333333333333,2,3,5,1.3666373481117486,20170726235030Lh,Lh,1,7,5
0.20362473347547974,0.7126865671641791,0.2857142857142857,1,4,1,0.7126865671641791,20170726235030Lh,Lh,1,2,5
0.28300594278583296,0.6367633712681242,0.4444444444444444,2,2,3,1.2735267425362484,20170728150230Ch,Ch,0,5,4
0.37558696457518775,0.6259782742919796,0.6,3,2,2,1.8779348228759387,20170728150230Ch,Ch,0,5,5
0.2733245471489685,0.6149802310851791,0.4444444444444444,2,3,2,1.2299604621703581,20170728150230Ch,Ch,0,4,5
0.0,0.0,0.0,0,2,1,0.0,20170804140650Bh,Bh,4,1,2
0.0,0.0,0.0,0,3,1,0.0,20170804140650Bh,Bh,4,1,3
0.21860465116279068,0.5465116279069767,0.4,1,2,1,0.5465116279069767,20170804140650Bh,Bh,4,2,3
0.2756152125279642,0.5512304250559285,0.5,1,1,1,0.5512304250559285,20170827165310Mh,Mh,3,2,2
0.5097300297881989,0.6371625372352486,0.8,2,1,0,1.2743250744704973,20170827165310Mh,Mh,3,2,3
0.4701475970251573,0.5876844962814466,0.8,2,1,0,1.1753689925628932,20170827165310Mh,Mh,3,2,3
0.20471596998928188,0.6141479099678456,0.3333333333333333,1,2,2,0.6141479099678456,20170831170750Bh,Bh,0,3,3
0.3536353254663114,0.7072706509326228,0.5,1,2,0,0.7072706509326228,20170927143450Bh,Bh,2,1,3
0.6866560762509929,0.6866560762509929,1.0,1,0,0,0.6866560762509929,20170927143450Bh,Bh,2,1,1
0.370390261367705,0.74078052273541,0.5,1,0,2,0.74078052273541,20170927143450Bh,Bh,2,3,1
0.39871598047539386,0.6977529658319392,0.5714285714285714,2,3,0,1.3955059316638785,20171004143950Bh,Bh,1,2,5
0.0,0.0,0.0,0,4,1,0.0,20171007133730Ch,Ch,0,1,4
0.2716424894712213,0.5432849789424427,0.5,1,0,2,0.5432849789424427,20171008144250Bh,Bh,4,3,1
0.0,0.0,0.0,0,2,1,0.0,20171011170310Mh,Mh,1,1,2
0.5132905591200734,0.5132905591200734,1.0,1,0,0,0.5132905591200734,20171011170310Mh,Mh,1,1,1
0.0,0.0,0.0,0,1,2,0.0,20171011170310Mh,Mh,1,2,1
0.45177160603227884,0.7529526767204647,0.6,3,3,1,2.2588580301613943,20171022170710Mh,Mh,4,4,6
0.5393039063139353,0.6741298828924192,0.8,4,2,0,2.6965195315696766,20171025223130Lh,Lh,2,4,6
0.35898447512349463,0.6461720552222904,0.5555555555555556,5,4,4,3.2308602761114518,20171027223030Lh,Lh,3,9,9
0.2906326560265604,0.653923476059761,0.4444444444444444,2,2,3,1.307846952119522,20171029150150Bh,Bh,4,5,4
0.2234461149349368,0.6144768160710762,0.36363636363636365,2,4,3,1.2289536321421524,20171029150150Bh,Bh,4,5,6
0.3836293053117011,0.6393821755195018,0.6,3,3,1,1.9181465265585054,20171029150150Bh,Bh,4,4,6
0.0,0.0,0.0,0,5,1,0.0,20171101133730Ch,Ch,3,1,5
0.33853985884530835,0.5078097882679625,0.6666666666666666,1,1,0,0.5078097882679625,20171101133730Ch,Ch,3,1,2
0.3146641316770452,0.5506622304348291,0.5714285714285714,2,0,3,1.1013244608696582,20171101133730Ch,Ch,3,5,2
0.0,0.0,0.0,0,1,3,0.0,20171103222630Lh,Lh,0,3,1
0.5156960520876395,0.6875947361168526,0.75,3,1,1,2.062784208350558,20171106171510Mh,Mh,1,4,4
0.2199798183652876,0.549949545913219,0.4,1,2,1,0.549949545913219,20171115170950Bh,Bh,0,2,3
0.3703523355976684,0.6018225453462112,0.6153846153846154,4,4,1,2.4072901813848446,20171115222230Lh,Lh,0,5,8
0.40193594409756545,0.73688256417887,0.5454545454545454,3,4,1,2.21064769253661,20171123222130Lh,Lh,1,4,7
0.3591351181632703,0.6584143832993289,0.5454545454545454,3,4,1,1.9752431498979868,20171123222130Lh,Lh,1,4,7
0.5453562048882478,0.6362489057029558,0.8571428571428571,6,1,1,3.8174934342177345,20171123222130Lh,Lh,1,7,7
0.5943220587525568,0.5943220587525568,1.0,2,0,0,1.1886441175051137,20180112130330Ch,Ch,4,2,2
0.0,0.0,0.0,0,1,3,0.0,20180202130330Ch,Ch,1,3,1
0.2517766497461929,0.6294416243654822,0.4,1,1,2,0.6294416243654822,20180202130330Ch,Ch,1,3,2
0.0,0.0,0.0,0,2,1,0.0,20180202130330Ch,Ch,1,1,2
0.17540305562589686,0.5262091668776906,0.3333333333333333,1,3,1,0.5262091668776906,20180306081810Th,Th,0,2,4
0.45081745599491346,0.5635218199936418,0.8,2,1,0,1.1270436399872836,20180306081810Th,Th,0,2,3
0.15105740181268884,0.5287009063444109,0.2857142857142857,1,2,3,0.5287009063444109,20180306081810Th,Th,0,4,3
0.0,0.0,0.0,0,1,1,0.0,20180309000910Mh,Mh,2,1,1
0.34965034965034963,0.5244755244755245,0.6666666666666666,1,0,1,0.5244755244755245,20180318020350Uh,Uh,3,2,1
0.4808602150537635,0.7212903225806452,0.6666666666666666,1,0,1,0.7212903225806452,20180318020350Uh,Uh,3,2,1
0.612565445026178,0.612565445026178,1.0,1,0,0,0.612565445026178,20180318020350Uh,Uh,3,1,1
0.42338184830197606,0.6350727724529641,0.6666666666666666,1,1,0,0.6350727724529641,20180318232230Lh,Lh,3,1,2
0.7159644597305819,0.7159644597305819,1.0,1,0,0,0.7159644597305819,20180804234530Lh,Lh,4,1,1
0.7628348214285714,0.7628348214285714,1.0,1,0,0,0.7628348214285714,20180804234530Lh,Lh,4,1,1
0.7215636014098046,0.7215636014098046,1.0,1,0,0,0.7215636014098046,20180804234530Lh,Lh,4,1,1
0.6680885097307385,0.6680885097307385,1.0,1,0,0,0.6680885097307385,20180805232510Mh,Mh,1,1,1
0.26900584795321636,0.672514619883041,0.4,1,2,1,0.672514619883041,20180825205030Ch,Ch,3,2,3
0.27334083239595053,0.5466816647919011,0.5,1,1,1,0.5466816647919011,20180825205030Ch,Ch,3,2,2
0.23164693218514532,0.5791173304628633,0.4,1,1,2,0.5791173304628633,20180825205030Ch,Ch,3,3,2
0.0,0.0,0.0,0,1,1,0.0,20180926014350Uh,Uh,3,1,1
0.3466796875,0.693359375,0.5,1,1,1,0.693359375,20181101230010Mh,Mh,4,2,2
0.5904221802142408,0.5904221802142408,1.0,1,0,0,0.5904221802142408,20190412025430Lh,Lh,4,1,1
0.5810895428929242,0.5810895428929242,1.0,1,0,0,0.5810895428929242,20190412025430Lh,Lh,4,1,1
0.5901140684410646,0.5901140684410646,1.0,1,0,0,0.5901140684410646,20190412025430Lh,Lh,4,1,1
0.0,0.0,0.0,0,3,1,0.0,20190602025430Lh,Lh,4,1,3
0.18040892690097557,0.6314312441534145,0.2857142857142857,1,2,3,0.6314312441534145,20190609123330Ch,Ch,2,4,3
0.2875283446712018,0.5750566893424036,0.5,1,0,2,0.5750566893424036,20190611032810Mh,Mh,0,3,1
0.2846153846153846,0.5692307692307692,0.5,1,0,2,0.5692307692307692,20190611032810Mh,Mh,0,3,1
0.5694310511089682,0.5694310511089682,1.0,1,0,0,0.5694310511089682,20190611032810Mh,Mh,0,1,1
0.40973630831643004,0.6146044624746451,0.6666666666666666,1,0,1,0.6146044624746451,20190626025430Lh,Lh,1,2,1
0.5974907199823587,0.5974907199823587,1.0,2,0,0,1.1949814399647174,20190626025430Lh,Lh,1,2,2
0.47283789656671016,0.7092568448500652,0.6666666666666666,1,1,0,0.7092568448500652,20190626025430Lh,Lh,1,1,2
0.22186353631694794,0.5546588407923698,0.4,1,3,0,0.5546588407923698,20190701123830Ch,Ch,3,1,4
0.6013215859030837,0.6013215859030837,1.0,1,0,0,0.6013215859030837,20190926165810Mh,Mh,4,1,1
0.5646036916395223,0.5646036916395223,1.0,1,0,0,0.5646036916395223,20200110073230Lh,Lh,1,1,1
0.544297601566324,0.544297601566324,1.0,1,0,0,0.544297601566324,20200110073230Lh,Lh,1,1,1
0.0,0.0,0.0,0,1,1,0.0,20200110073230Lh,Lh,1,1,1
0.34255796559461477,0.5138369483919222,0.6666666666666666,1,0,1,0.5138369483919222,20200114073230Lh,Lh,4,2,1
0.46975523315366885,0.6263403108715585,0.75,3,1,1,1.8790209326146754,20201227202710Mh,Mh,3,4,4
0.15328322784810128,0.6131329113924051,0.25,1,3,3,0.6131329113924051,20201227202710Mh,Mh,3,4,4
0.26421859415192395,0.5284371883038479,0.5,2,2,2,1.0568743766076958,20201227202710Mh,Mh,3,4,4
0.2612341772151899,0.6530854430379747,0.4,1,2,1,0.6530854430379747,20210201020330Lh,Lh,1,2,3
0.0,0.0,0.0,0,1,2,0.0,20210201020330Lh,Lh,1,2,1
0.0,0.0,0.0,0,1,3,0.0,20210201020330Lh,Lh,1,3,1
0.4403104408480605,0.5503880510600756,0.8,2,0,1,1.1007761021201512,20210222222850Bh,Bh,3,3,2
0.16923204925534568,0.5923121723937099,0.2857142857142857,1,4,1,0.5923121723937099,20210223222830Ch,Ch,0,2,5
0.2392156862745098,0.5980392156862745,0.4,1,2,1,0.5980392156862745,20210223222830Ch,Ch,0,2,3
0.3234132994116853,0.6468265988233706,0.5,2,1,3,1.2936531976467411,20210223222830Ch,Ch,0,5,3
0.0,0.0,0.0,0,1,1,0.0,20210331231510Mh,Mh,3,1,1
0.2179495368891728,0.544873842222932,0.4,1,3,0,0.544873842222932,20210616142650Bh,Bh,2,1,4
0.3707290825934894,0.5560936238902341,0.6666666666666666,1,1,0,0.5560936238902341,20210624133950Bh,Bh,4,1,2
0.0,0.0,0.0,0,1,3,0.0,20210626133950Bh,Bh,0,3,1
0.3978075986838691,0.5967113980258036,0.6666666666666666,2,2,0,1.1934227960516073,20210817165030Mh,Mh,3,2,4
0.2927427263811703,0.5854854527623407,0.5,1,1,1,0.5854854527623407,20210817165030Mh,Mh,3,2,2
0.17837837837837836,0.5351351351351351,0.3333333333333333,1,1,3,0.5351351351351351,20210817165030Mh,Mh,3,4,2
0.5649361999650411,0.5649361999650411,1.0,1,0,0,0.5649361999650411,20211225025850Uh,Uh,4,1,1
0.7360917941585535,0.7360917941585535,1.0,1,0,0,0.7360917941585535,20211225025850Uh,Uh,4,1,1
0.5958244111349036,0.5958244111349036,1.0,1,0,0,0.5958244111349036,20211225025850Uh,Uh,4,1,1
0.6342407742247387,0.6342407742247387,1.0,3,0,0,1.902722322674216,20211231223430Lh,Lh,4,3,3
0.5266664480661827,0.6583330600827284,0.8,2,1,0,1.3166661201654568,20220122085210Th,Th,0,2,3
0.611646234676007,0.611646234676007,1.0,1,0,0,0.611646234676007,20220328143550Bh,Bh,3,1,1
0.6724324324324324,0.6724324324324324,1.0,1,0,0,0.6724324324324324,20220328143550Bh,Bh,3,1,1
0.565112540192926,0.565112540192926,1.0,1,0,0,0.565112540192926,20220328143550Bh,Bh,3,1,1
0.4336004815147404,0.5781339753529872,0.75,6,2,2,3.468803852117923,20220622205632Bh,Bh,2,8,8
0.4594239300495376,0.5742799125619219,0.8,6,1,2,3.4456794753715316,20220622205632Bh,Bh,2,8,7
0.5265751508156442,0.6582189385195553,0.8,6,1,2,3.949313631117332,20220622205632Bh,Bh,2,8,7
0.17629504833266207,0.7051801933306483,0.25,3,14,4,2.115540579991945,20220721185332Bh,Bh,1,7,17
0.26028642392167317,0.6181802568139738,0.42105263157894735,4,8,3,2.4727210272558953,20220721185332Bh,Bh,1,7,12
0.21700433603567137,0.6293125745034469,0.3448275862068966,5,7,12,3.1465628725172348,20220721185332Bh,Bh,1,17,12
