epoch,train_loss,lr_dec,train_s,PQ (mean/record),PQ (pooled),SQ,RQ,Dice,val_s
1,0.6884934994461698,0.0009375484549059232,114.27010464668274,,,,,,
2,0.48985867928779847,0.000986402863469955,113.58413100242615,0.2114681199415261,0.2095293645577955,0.615781344113422,0.33285258830433573,0.5645462691630663,94.30683422088623
3,0.4337479913892271,0.0009327539415732146,113.19107723236084,,,,,,
4,0.4234537672105633,0.000842744779452655,112.90017127990723,0.2619066023010963,0.26271100120062224,0.6193204168912042,0.3916997523748395,0.610637910963988,80.53044605255127
5,0.4040068338668219,0.0007239380347017933,112.68365502357483,,,,,,
6,0.40877684505384587,0.0005863159658950159,112.6732189655304,0.3148599254827936,0.31780164334504474,0.6368845519036112,0.46878683968441615,0.6330768534412997,67.42196011543274
7,0.4000621515979122,0.0004414417134857709,112.8278877735138,,,,,,
8,0.3805098241440342,0.00030148775346734073,112.56022906303406,0.32374355360723706,0.32610021673030215,0.6449435460294894,0.48570215633804914,0.6391004435437676,69.86672377586365
9,0.3747750664945175,0.00017821315406723085,112.75713872909546,,,,,,
10,0.3601295675459281,8.19755673652644e-05,112.64366793632507,0.3152257473704292,0.31897485435991746,0.6535017101650752,0.46782879823355167,0.6273552291449185,70.0211980342865
11,0.3558472673345715,2.08609692633014e-05,112.62423706054688,,,,,,
12,0.3631755554273035,4.267903154464235e-09,112.84935212135315,0.3379309303757107,0.33665072221766057,0.6545107154144887,0.5020548976734858,0.6417358301018665,70.49935531616211
