min_area,close,low,high,PQ,PQ_pooled,SQ,RQ,TP,FP,FN,pred/GT
100,0,0.5,0.5,0.34745847968755955,0.3481944344970965,0.6545261624706032,0.516313137188131,1136,1633,478,1.7156133828996283
100,0,0.5,0.6,0.34745847968755955,0.3481944344970965,0.6545261624706032,0.516313137188131,1136,1633,478,1.7156133828996283
100,0,0.5,0.7,0.34745847968755955,0.3481944344970965,0.6545261624706032,0.516313137188131,1136,1633,478,1.7156133828996283
100,0,0.5,0.8,0.34745847968755955,0.3481944344970965,0.6545261624706032,0.516313137188131,1136,1633,478,1.7156133828996283
100,0,0.4,0.8,0.34667772473865466,0.34780969200645917,0.6541830890778921,0.5156254512025564,1139,1641,475,1.7224287484510532
100,0,0.4,0.7,0.34580125284769003,0.3477305544201096,0.6541830890778921,0.514200949778055,1139,1642,475,1.7230483271375465
100,0,0.4,0.5,0.34580125284769003,0.3477305544201096,0.6541830890778921,0.514200949778055,1139,1642,475,1.7230483271375465
100,0,0.4,0.6,0.34580125284769003,0.3477305544201096,0.6541830890778921,0.514200949778055,1139,1642,475,1.7230483271375465
100,0,0.3,0.8,0.3456052551416859,0.3476744165196352,0.6529269016100645,0.5145813085452675,1139,1640,475,1.72180916976456
100,0,0.3,0.7,0.34474136395521404,0.34759529170932124,0.6529269016100645,0.5131568071207661,1139,1641,475,1.7224287484510532
100,0,0.3,0.5,0.3446573595746575,0.34743715008433973,0.6529269016100645,0.5130334679365393,1139,1643,475,1.7236679058240396
100,0,0.3,0.6,0.3446573595746575,0.34743715008433973,0.6529269016100645,0.5130334679365393,1139,1643,475,1.7236679058240396
