file,MB
README.md,0.0
config/config.json,0.0
config/requirements.txt,0.0
figures/10_pp_overlay_fold0.png,0.37
figures/06_overfit_check.png,0.52
figures/02_gt_overlays.png,1.2
figures/09_pp_tuning_fold0.png,0.05
figures/07_training_curves_fold0.png,0.07
figures/04_consensus.png,0.12
figures/08_val_predictions_fold0.png,0.69
figures/05_train_batch.png,0.85
figures/12_test_predictions_baseline.png,0.43
figures/03_instruments.png,0.65
figures/01_audit_stats.png,0.12
tables/21_tta_comparison.csv,0.0
tables/09_instrument_intensity.csv,0.0
tables/14_validation_per_record_baseline.csv,0.03
tables/08_label_agreement.csv,0.0
tables/11_human_ceiling_pairs.csv,0.06
tables/13_training_history_fold0.csv,0.0
tables/12_crop_foreground_stats.csv,0.0
tables/06_fold_assignment.csv,0.02
tables/23_test_predictions_per_image.csv,0.0
tables/10_human_ceiling_by_instrument.csv,0.0
tables/18_postproc_C_closing.csv,0.0
tables/04_category_counts.csv,0.0
tables/03_annotation_geometry.csv,0.0
tables/07_fold_summary.csv,0.0
tables/19_baseline_vs_tuned.csv,0.0
tables/17_postproc_B_min_area.csv,0.0
tables/05_annotators_per_image.csv,0.0
tables/24_test_count_by_instrument.csv,0.0
tables/16_postproc_A_hysteresis.csv,0.0
tables/20_tuned_by_instrument.csv,0.0
tables/22_submission_checks.csv,0.0
tables/15_validation_by_instrument_baseline.csv,0.0
tables/01_environment.csv,0.0
tables/02_dataset_paths.csv,0.0
submission/submission.csv,0.39
code/PUT_NOTEBOOK_HERE.txt,0.0
